date,hour,minute,sec,milli_sec,accel_dt[ms],gyro_dt[ms],delta_sec[s],accel_x,accel_y,accel_z,gyro_x,gyro_y,gyro_z,pos_x,pos_y,pos_z,rot_x,rot_y
2019-01-16,11,39,3,807.6,2.4,4.4,0.0,10.1226845,-0.20111294,0.7374141,0.015323991,0.15617207,-0.16355479999999997,0.0113,0.0717,0.1379,1.2833,2.3252
2019-01-16,11,39,3,848.0,1.0,3.0,0.0404,10.036493,0.13407529999999998,1.5035586,0.05935865,0.1783901,-0.17423622,0.0146,0.0715,0.1453,1.4614,2.3537
2019-01-16,11,39,3,883.5,5.5,7.5,0.035501,9.758766,0.047884032,1.8866308999999997,0.19627973,0.29464647,-0.16292648,0.0159,0.0719,0.1487,1.3719,2.2225
2019-01-16,11,39,3,923.9,7.1,9.1,0.0404,9.797073,-0.20111294,1.7142484,0.29880038,0.34290484,-0.14041173,0.0167,0.0726,0.1515,1.0766,1.9455
2019-01-16,11,39,3,963.3,5.7,7.7,0.039399,9.040505,-0.31603462,0.7757214,0.31628856,0.3302163,-0.10246828,0.0177,0.0727,0.1545,1.0235,1.6093
2019-01-16,11,39,4,1.3,7.7,0.7,0.038,8.963891,-0.35434186,1.0055646999999999,0.263248,0.29696777,-0.09103637,0.0184,0.0716,0.1555,1.4952,1.5162
2019-01-16,11,39,4,40.7,9.3,0.3,0.039401,9.050082000000002,-0.5363011999999999,0.4405331,0.22937118,0.24747023,-0.06684611,0.0193,0.0712,0.1567,1.6706,1.5818
2019-01-16,11,39,4,76.7,5.3,7.3,0.035999,9.011775,-0.40222588,0.076614454,0.15165167,0.135455,-0.023404865,0.0203,0.0716,0.1581,1.4036,1.6623
2019-01-16,11,39,4,114.6,4.4,6.4,0.037901,9.203311,-0.17238252,0.22026655,-0.11079349999999999,-0.17688912,0.026860617000000003,0.0219,0.0714,0.1604,1.5198,1.7826
2019-01-16,11,39,4,151.6,7.4,0.4,0.037,9.682152,-0.095768064,0.34476504,-0.14517649,-0.20252799999999999,0.034260813,0.0232,0.0715,0.1626,1.1771,1.706
2019-01-16,11,39,4,186.5,2.5,4.5,0.034899,9.595961,-0.21068975,0.05746084,-0.23792328,-0.27003735,0.032044247000000005,0.0248,0.0704,0.1647,1.1218,1.6628
2019-01-16,11,39,4,226.9,2.1,4.1,0.0404,10.0748005,-0.12449849,0.8523358,-0.30462977,-0.34241614,0.02417281,0.0279,0.0694,0.1689,0.9738,1.5475
2019-01-16,11,39,4,266.4,3.6,5.6,0.0395,9.873688000000001,-0.21068975,-0.80445176,-0.36561158,-0.41763982,0.013369222,0.0312,0.0686,0.1722,1.142,1.7653
2019-01-16,11,39,4,304.8,4.2,6.2,0.038401,10.601525,0.047884032,0.9959879,-0.28281316,-0.36367425,0.003944444,0.0353,0.067,0.176,1.5015,1.9511
2019-01-16,11,39,4,340.3,8.6,0.7,0.0355,11.224017,-0.7086836999999999,0.49799395,-0.17502162,-0.25635397,-0.009704031,0.0394,0.0669,0.181,0.8257,1.9299
2019-01-16,11,39,4,381.2,8.8,10.8,0.040899,12.296619999999999,0.009576807,-1.1587936,-0.108873636,-0.22383848,-0.020961404,0.0455,0.0655,0.1885,0.7755,1.899
2019-01-16,11,39,4,419.1,2.9,3.9,0.037901,11.358092999999998,-0.6512229,1.8195933000000002,-0.10636036,-0.21142918,-0.02846632,0.0498,0.0635,0.1946,1.3467,1.9968
2019-01-16,11,39,4,455.6,4.4,6.4,0.036499,9.864111,-0.7182605,1.2737153,0.010454521999999999,-0.076689765,-0.012566371000000002,0.0541,0.0618,0.2017,1.5094,2.214
2019-01-16,11,39,4,497.0,2.0,4.0,0.0414,9.873688000000001,-0.41180268,1.7525556,0.29644418,0.15887733,0.06260496,0.0596,0.0595,0.2126,2.0024,2.2908
2019-01-16,11,39,4,534.0,6.0,7.0,0.037,9.442732000000001,-0.5554548,2.1930888,0.43785074,0.29061478,0.11213741,0.062,0.0607,0.2216,2.305,2.162
2019-01-16,11,39,4,571.9,8.1,9.1,0.037901,8.552089,-0.41180268,1.2066777,0.42739624,0.33250266,0.121789075,0.0639,0.0626,0.2314,2.228,1.9177
2019-01-16,11,39,4,608.3,1.7,3.7,0.036399,8.6095495,-0.15322891,0.5554548,0.4208687,0.3601487,0.115872405,0.0652,0.0628,0.2403,2.3051,1.7094
2019-01-16,11,39,4,646.8,2.2,4.2,0.0385,9.528922999999999,0.05746084,0.29688102,0.26808256,0.25506239999999997,0.090844385,0.0673,0.0624,0.2542,2.7526,1.6677
2019-01-16,11,39,4,681.2,7.7,12.7,0.0344,9.481038999999999,-0.2873042,0.90979666,0.14058627,0.18966493,0.059184115,0.0683,0.0626,0.2647,3.0074,1.6649
2019-01-16,11,39,4,720.2,9.8,0.8,0.039001,9.203311,-0.39264908,0.30645782,0.09819222,0.19720475,0.041643556,0.0689,0.0639,0.2763,3.2513,1.602
2019-01-16,11,39,4,757.1,4.9,5.9,0.0369,9.069236,-0.19153613,0.35434186,0.017627826,0.16694075,0.011623893,0.0689,0.0656,0.2878,3.202,1.4911
2019-01-16,11,39,4,794.5,4.5,6.5,0.0374,9.203311,-0.4405331,0.8331822,-0.15439183,0.05555383,-0.06618288,0.0688,0.0683,0.3065,2.7266,1.318
2019-01-16,11,39,4,830.0,9.0,1.0,0.0355,9.576807,-0.545878,0.7086836999999999,-0.29962066,-0.078906335,-0.07517133,0.0683,0.0684,0.3208,2.7191,1.1481
2019-01-16,11,39,4,866.4,3.6,4.6,0.036399,9.519346,-0.33518824,0.047884032,-0.49122292,-0.26171213,-0.07089528,0.0676,0.0669,0.3366,2.9822,0.9833
2019-01-16,11,39,4,905.4,3.6,5.6,0.039001,10.160992,-0.20111294,-0.24899697,-0.56744146,-0.3356268,-0.06665412,0.0666,0.0654,0.3522,3.0672,0.8238
2019-01-16,11,39,4,941.3,8.7,10.7,0.0359,10.955867,-0.35434186,0.1436521,-0.49090877,-0.2837731,-0.06482153,0.065,0.0642,0.3689,2.9546,0.7112
2019-01-16,11,39,4,975.3,3.7,7.7,0.033999,11.587936000000001,-0.45968673,-0.1436521,-0.4212352,-0.22403046,-0.05438446,0.062,0.0619,0.3952,2.5632,0.4597
2019-01-16,11,39,5,12.2,7.8,8.8,0.0369,11.903971,0.02873042,3.3039982000000006,-0.34482470000000004,-0.15475835,-0.045012042,0.059,0.0595,0.4162,2.2689,0.3677
2019-01-16,11,39,5,49.6,1.3,2.4,0.0374,10.524911,-0.6512229,2.7868507,-0.1752136,0.016406095,-0.03806563,0.0557,0.0567,0.4396,1.6413,0.6783
2019-01-16,11,39,5,85.1,3.9,5.9,0.0355,9.931149000000001,-0.81402856,0.51714754,0.09208357,0.22516492,-0.00424115,0.053,0.0529,0.4616,1.6453,1.203
2019-01-16,11,39,5,121.5,7.5,0.5,0.036401,10.515334,-0.2777274,2.1452047999999997,0.12452924,0.17650515,0.037873644,0.0495,0.0527,0.4847,2.0704,1.4713
2019-01-16,11,39,5,154.5,5.5,6.5,0.032999,10.486604,-0.15322891,1.8579005000000002,0.15964526,0.19519763,0.021886429,0.047,0.055,0.5076,2.3577,1.7654
2019-01-16,11,39,5,193.9,5.1,7.1,0.039401,10.218452000000001,-0.16280572,1.0342950999999998,0.25684264,0.24740042,0.014032447,0.0432,0.0581,0.5432,1.7744,2.0414
2019-01-16,11,39,5,228.9,0.1,2.1,0.035,9.998186,-0.49799395,1.3982137,0.29326767,0.27679175,0.0095294975,0.0415,0.0617,0.57,359.9564,2.2973
2019-01-16,11,39,5,267.8,4.2,5.2,0.0389,9.002198,-0.51714754,1.3120226000000001,0.37257543,0.33229324,0.036913715,0.0408,0.0629,0.5949,0.3153,2.5648
2019-01-16,11,39,5,305.2,3.8,5.8,0.0374,8.475474,-0.37349546,0.9672575000000001,0.41776199999999997,0.3455054,0.067456976,0.0404,0.0643,0.6185,1.3676,2.7092
2019-01-16,11,39,5,341.2,7.7,0.8,0.035999,8.494628,-0.095768064,0.6512229,0.40716785,0.29305825,0.097843155,0.0398,0.0676,0.6544,1.9407,2.7027
2019-01-16,11,39,5,378.6,0.4,2.4,0.0374,8.6095495,0.1436521,0.5554548,0.11534881,0.021485003,0.055169857999999995,0.0398,0.0683,0.6794,2.5827,2.3948
2019-01-16,11,39,5,416.6,3.4,4.4,0.038,8.935161,-0.06703765,1.13964,-0.05127777,-0.08110545,-0.021554817,0.0401,0.0691,0.7055,2.2258,2.2671
2019-01-16,11,39,5,451.0,9.0,11.0,0.0344,9.212888000000001,-0.02873042,0.78529817,-0.098419115,-0.052080624000000006,-0.108926,0.0407,0.069,0.7289,1.988,2.2686
2019-01-16,11,39,5,489.4,9.6,3.6,0.0384,10.113108,-0.02873042,0.22026655,-0.20804325,-0.12777555,-0.11484266,0.0416,0.0678,0.7521,2.1201,2.2427
2019-01-16,11,39,5,522.9,7.1,9.1,0.0335,10.505757000000001,-0.22026655,0.8331822,-0.32107076,-0.21858503,-0.10232865,0.0427,0.066,0.7756,2.2341,2.2174
2019-01-16,11,39,5,557.8,2.2,4.2,0.034901,9.959878999999999,-0.79487497,0.89064306,-0.27295205,-0.21097539999999998,-0.08059931,0.0446,0.0623,0.8127,2.1824,2.1075
2019-01-16,11,39,5,594.3,4.7,6.7,0.036499,10.055647,-0.6991069000000001,0.7278373,-0.23795820000000004,-0.20254546,-0.05469862,0.046,0.0575,0.8389,2.0303,1.985
2019-01-16,11,39,5,629.2,0.8,2.8,0.034901,10.668563,-0.019153614,0.6991069000000001,-0.23101178,-0.1953547,-0.038589227999999996,0.0483,0.0517,0.8676,2.2836,1.853
2019-01-16,11,39,5,665.7,3.3,5.3,0.0365,11.003751,-0.29688102,0.45968673,-0.19921188,-0.15392059,-0.03913028,0.0509,0.0466,0.8939,2.4816,1.7764
2019-01-16,11,39,5,702.1,6.9,8.9,0.036399,11.789049,-0.35434186,1.1875241,-0.15919147,-0.13638003,-0.03031637,0.0539,0.0422,0.9201,2.8319,1.8176
2019-01-16,11,39,5,736.6,2.4,4.4,0.034501,10.333375,-1.5227122,1.685518,-0.034592427,-0.10871656,0.03551745,0.0568,0.0405,0.9468,2.4985,1.8754
2019-01-16,11,39,5,772.5,6.5,10.5,0.0359,9.998186,-0.6991069000000001,0.41180268,0.12157963,-0.067125365,0.20786871,0.0602,0.04,0.9749,1.4387,1.9626
2019-01-16,11,39,5,807.5,1.5,3.5,0.035,10.199299,-0.26815059999999996,1.1300632,0.20457004,-0.017732546000000002,0.20575686,0.065,0.0426,1.017,2.1737,2.0866
2019-01-16,11,39,5,845.4,3.6,6.6,0.037899,9.461885,-0.9672575000000001,2.27928,0.35217252,0.12185889,0.19959585,0.0673,0.0441,1.0482,0.5148,2.0063
2019-01-16,11,39,5,878.8,0.2,2.2,0.033401,8.963891,-1.0151415000000001,2.336741,0.3938859,0.22226767,0.19966567,0.0696,0.0458,1.0774,0.8913,2.3199
2019-01-16,11,39,5,915.3,4.7,6.7,0.0365,8.695741,-0.5650316,0.2873042,0.32122785,0.19933406,0.16077973,0.0707,0.0496,1.1041,1.2233,2.331
2019-01-16,11,39,5,951.2,8.8,0.8,0.0359,8.858546,-0.4309563,-0.48841715,0.23888321,0.15210545,0.12967797,0.0712,0.0558,1.1313,0.3645,2.2181
2019-01-16,11,39,5,997.2,2.8,3.8,0.046,9.385271000000001,-0.6512229,-0.26815059999999996,0.048066366,-0.038414698,0.10702359,0.0709,0.0619,1.1704,1.199,1.888
2019-01-16,11,39,6,36.1,2.9,4.9,0.0389,9.356541,-0.9768343,0.35434186,0.012601277,-0.07298967,0.14381513,0.0703,0.0656,1.1975,1.1907,1.5844
2019-01-16,11,39,6,73.5,6.5,7.5,0.0374,10.055647,-0.80445176,0.6799533,-0.11039207,-0.10808824,0.08803441,0.0698,0.0683,1.226,0.8232,1.258
2019-01-16,11,39,6,110.0,9.0,4.0,0.0365,9.768343,-0.93852705,0.47884035,-0.13816026,-0.103934355,0.04160865,0.0688,0.0698,1.2665,0.5965,0.8443
2019-01-16,11,39,6,146.9,3.1,4.1,0.036899,9.80665,-0.641646,0.80445176,-0.17278759,-0.13098696,0.03986332,0.0676,0.0674,1.295,0.8503,0.6756
2019-01-16,11,39,6,183.4,6.6,7.6,0.0365,10.007763,-0.39264908,0.10534488,-0.2664245,-0.27305678,0.012444196999999999,0.0659,0.065,1.3227,1.2789,0.5676
2019-01-16,11,39,6,218.8,0.2,2.2,0.0354,10.0748005,-0.17238252,-0.63206923,-0.33220598,-0.40556216,-0.023527037,0.0638,0.0627,1.3494,1.1354,0.4714
2019-01-16,11,39,6,255.2,4.8,6.8,0.036401,9.988609,-0.30645782,0.41180268,-0.21038198,-0.32414255,-0.10403907,0.0615,0.0598,1.3759,1.2945,0.4506
2019-01-16,11,39,6,292.2,8.8,9.8,0.037,11.013328,-0.82360536,-0.7374141,-0.032096606,-0.20299925,-0.08461356,0.0579,0.0553,1.4168,1.3446,0.281
2019-01-16,11,39,6,328.6,1.4,3.4,0.036399,12.421119000000001,1.8579005000000002,1.4460978999999998,0.086236715,-0.11522663400000001,-0.11156145,0.0545,0.0505,1.4481,0.8276,0.0079
2019-01-16,11,39,6,366.1,2.9,5.9,0.037501,10.716447,-0.2873042,1.1300632,0.27872908,0.056705747,-0.25953045,0.0509,0.0471,1.4794,0.6657,359.7888
2019-01-16,11,39,6,407.5,3.5,5.5,0.041399,10.534488,-0.6607997,1.3120226000000001,0.33491123,0.07717845599999999,-0.23944172,0.0469,0.0434,1.5098,0.1006,359.4626
2019-01-16,11,39,6,447.9,2.1,3.1,0.0404,11.405977,0.22984336,1.9249381999999997,0.4752008,0.1653525,-0.20895082,0.0409,0.0401,1.5541,0.7045,359.3347
2019-01-16,11,39,6,486.9,2.1,4.1,0.039001,10.1226845,-0.29688102,0.90979666,0.5544911,0.16744688,-0.19676842,0.0365,0.044,1.5853,1.5299,359.7657
2019-01-16,11,39,6,525.3,4.7,6.7,0.038399,9.212888000000001,-0.32561144,1.0151415000000001,0.5533392,0.19980529,-0.13018411,0.0313,0.0517,1.6317,359.5054,0.1475
2019-01-16,11,39,6,563.8,6.1,8.1,0.0385,8.159439,0.10534488,0.10534488,0.59973,0.22893484,-0.071157075,0.0295,0.0574,1.6627,359.5001,0.6593
2019-01-16,11,39,6,598.2,1.8,3.8,0.034401,8.121132000000001,0.1436521,0.009576807,0.5297772,0.17592919,-0.057857665999999995,0.0277,0.0612,1.6941,0.4775,0.7307
2019-01-16,11,39,6,637.1,2.9,3.9,0.0389,8.437167,0.35434186,-0.34476504,0.46457174,0.1463284,-0.09847148,0.0264,0.0651,1.7214,1.2253,0.9035
2019-01-16,11,39,6,671.6,7.4,11.4,0.034499,8.820239,0.1436521,-0.13407529999999998,0.3093247,0.008080875,-0.028501227,0.0249,0.0682,1.7483,1.11,1.1453
2019-01-16,11,39,6,709.5,10.5,1.5,0.037901,9.701305,0.39264908,1.0055646999999999,0.10239847,-0.15278612,-0.03164282,0.0227,0.0712,1.7891,1.0764,1.5
2019-01-16,11,39,6,745.0,6.0,10.0,0.0355,10.160992,0.37349546,0.90979666,0.031555552,-0.17030923,-0.07579965,0.0213,0.0703,1.817,1.32,1.8738
2019-01-16,11,39,6,780.4,8.6,0.6,0.0354,10.381259,-0.076614454,0.29688102,-0.07934267,-0.20511109,-0.11569787599999999,0.0198,0.0687,1.8441,1.471,2.2074
2019-01-16,11,39,6,814.9,5.1,6.1,0.034499,10.323798,-0.31603462,0.7565677,-0.13573426,-0.22457151,-0.08237954,0.0183,0.0667,1.8699,1.2896,2.3339
2019-01-16,11,39,6,853.8,5.2,7.2,0.0389,10.457873,-0.08619126,0.8331822,-0.11889183,-0.18826866,-0.058171824000000004,0.0172,0.0641,1.8959,1.0543,2.5179
2019-01-16,11,39,6,889.3,9.7,1.7,0.035501,10.975019999999999,-0.30645782,0.7469909,-0.07209955,-0.124424525,-0.03944444,0.0154,0.0597,1.9358,0.4493,2.8351
2019-01-16,11,39,6,924.2,4.8,6.8,0.034899,11.3964,0.047884032,0.05746084,-0.035901424,-0.07045894,-0.015323991,0.0145,0.0545,1.9634,0.431,3.0878
2019-01-16,11,39,6,962.1,6.9,10.9,0.037901,10.43872,-0.41180268,2.4708161,0.13189453,0.095277525,0.030351276,0.0136,0.049,1.9938,0.3187,3.411
2019-01-16,11,39,6,998.6,0.4,2.4,0.036499,9.643844999999999,-0.5650316,1.5993267,0.32777283,0.2829528,0.09498082,0.0129,0.0457,2.0221,359.9507,3.7777
2019-01-16,11,39,7,34.0,6.0,8.0,0.0354,10.28549,0.11492168,0.33518824,0.3010344,0.24637067,0.1272694,0.0122,0.0431,2.0503,359.8589,3.9665
2019-01-16,11,39,7,71.0,9.0,1.0,0.037,10.237606,-0.29688102,0.82360536,0.25569072,0.15920894,0.13575171,0.0115,0.0438,2.078,0.3819,4.1101
2019-01-16,11,39,7,108.4,1.6,3.6,0.0374,9.528922999999999,-1.0055646999999999,2.0302830000000003,0.34232888,0.11531389999999998,0.17790142,0.0106,0.0473,2.1208,359.4585,4.1873
2019-01-16,11,39,7,145.3,4.7,6.7,0.0369,9.337387,-0.33518824,1.4652513999999999,0.38416442,0.17055358,0.18305013,0.0096,0.0489,2.1515,358.5002,4.1505
2019-01-16,11,39,7,183.3,6.7,7.7,0.038001,9.595961,0.29688102,0.9576806999999999,0.47380453,0.24745278,0.15025539999999998,0.0088,0.0512,2.1785,359.5752,3.9915
2019-01-16,11,39,7,218.7,1.3,3.3,0.0354,9.5385,0.60333884,0.8331822,0.42001350000000004,0.18839084,0.10445795,0.0075,0.0575,2.2047,359.159,3.5972
2019-01-16,11,39,7,256.7,4.3,5.3,0.038,9.433155000000001,0.5554548,0.842759,0.37177259999999995,0.16147786,-0.011885692,0.0063,0.0641,2.2295,359.2669,3.2602
2019-01-16,11,39,7,292.1,7.9,8.9,0.035399,9.461885,0.45010993,1.6280571000000001,0.28455848,0.12170181,-0.08025024,0.0045,0.0735,2.2681,359.3372,2.9182
2019-01-16,11,39,7,330.1,8.9,1.9,0.038,9.634267999999999,0.29688102,1.8100165000000001,0.26392868,0.075206235,-0.13863151,0.0037,0.0787,2.295,359.1284,2.8937
2019-01-16,11,39,7,365.5,3.5,5.5,0.0354,9.662998,0.10534488,1.8195933000000002,0.2564936,0.06960373,-0.12257447,0.0033,0.0803,2.32,359.0943,3.0442
2019-01-16,11,39,7,403.5,6.5,7.5,0.038001,10.036493,0.45010993,2.9209259999999997,0.5298470000000001,0.30812043,-0.06592108,0.0027,0.0806,2.344,358.902,3.2595
2019-01-16,11,39,7,438.9,1.1,2.1,0.0354,9.892841,0.6607997,2.0015526,0.58351594,0.30635765,-0.113324225,0.0021,0.0804,2.3799,358.88,3.5754
2019-01-16,11,39,7,474.8,4.2,9.2,0.0359,9.481038999999999,0.8714894,1.1492168,0.58639574,0.18270107,-0.24762732,0.0021,0.0772,2.4044,359.3455,3.8295
2019-01-16,11,39,7,512.8,7.2,8.2,0.038,10.017339999999999,0.93852705,1.292869,0.6152984,0.12569861,-0.22294836,0.0021,0.0739,2.4315,359.4044,3.9034
2019-01-16,11,39,7,548.7,2.3,4.3,0.0359,10.381259,0.6703765,0.94810385,0.68992865,0.10159562,-0.13727015,0.0024,0.0696,2.4567,359.3807,3.8855
2019-01-16,11,39,7,585.7,3.3,5.3,0.037,9.749189,0.019153614,1.9249381999999997,0.89699453,0.15557864,-0.009250245,0.0026,0.0654,2.4816,359.4656,3.8596
2019-01-16,11,39,7,621.1,7.9,0.9,0.0354,9.653421,-0.7469909,2.2218192,1.0712482,0.23017402,0.10374237,0.0029,0.0609,2.5068,359.6201,3.9141
2019-01-16,11,39,7,656.1,2.9,4.9,0.035,9.682152,-0.36391866,1.7238252,1.1767882,0.19432496,0.30740485,0.0032,0.0569,2.5324,359.6941,3.9202
2019-01-16,11,39,7,692.0,7.0,11.0,0.0359,9.490616000000001,-0.095768064,0.9864110999999999,1.2813683999999999,0.13505358,0.33234559999999996,0.0034,0.0523,2.5735,359.3535,3.93
2019-01-16,11,39,7,726.4,2.6,4.6,0.034399,9.471461999999999,-0.21068975,1.043872,1.2057083999999998,-0.033353243,0.31607914,0.0032,0.0502,2.604,358.8777,3.8721
2019-01-16,11,39,7,763.9,7.1,9.1,0.0375,9.56723,0.36391866,1.3599066,1.2263731000000002,-0.14905111,0.31241393,0.0027,0.0484,2.6325,359.3157,3.978
2019-01-16,11,39,7,803.3,6.7,8.7,0.039401,9.576807,0.62249243,0.8523358,1.4041173,-0.09023352,0.35348153,0.0033,0.0491,2.6586,359.1836,4.3742
2019-01-16,11,39,7,835.3,4.7,5.7,0.032,10.247183,0.1436521,0.49799395,1.4880328,-0.11126474,0.3821922,0.004,0.0516,2.6843,358.9963,4.5742
2019-01-16,11,39,7,873.2,6.8,9.8,0.037899,10.802638,-0.05746084,0.7661445,1.4949443,-0.1669582,0.37873644,0.0065,0.0573,2.724,358.9095,4.7805
2019-01-16,11,39,7,910.7,8.3,0.3,0.037501,10.457873,-0.91937345,1.0151415000000001,1.5212463999999999,-0.15182619,0.38250637,0.0094,0.0632,2.7527,358.9352,4.655
2019-01-16,11,39,7,949.1,0.9,1.9,0.038399,9.615114,-1.0630256,1.3503298000000001,1.4648025,-0.2122844,0.3690673,0.0131,0.0664,2.7798,359.8271,4.691
2019-01-16,11,39,7,983.5,5.5,9.5,0.034401,9.797073,-0.7182605,0.7757214,1.4102435,-0.22792254,0.32754594,0.0171,0.0678,2.8051,359.8078,4.7789
2019-01-16,11,39,8,17.5,2.5,4.5,0.034,9.672575,-0.79487497,-0.35434186,1.3585643,-0.26614526,0.32501522,0.0214,0.0676,2.8304,359.3331,4.914
2019-01-16,11,39,8,53.4,6.6,8.6,0.035899,9.730036,-0.61291564,0.02873042,1.2911073,-0.30534536,0.30176744,0.0259,0.0662,2.8561,359.1399,5.0498
2019-01-16,11,39,8,89.4,10.6,1.6,0.036,9.720459,-0.5267244000000001,-0.58418524,1.2085531999999999,-0.35102059999999996,0.28071874,0.0331,0.0627,2.8958,359.2608,5.1426
2019-01-16,11,39,8,126.3,3.7,4.7,0.036901,9.634267999999999,-0.60333884,-0.61291564,1.0123433000000002,-0.42074654,0.30382693,0.0393,0.0592,2.9253,359.5689,5.1079
2019-01-16,11,39,8,162.8,6.2,0.2,0.0365,9.576807,-0.095768064,-0.35434186,0.93223274,-0.39913934,0.31559044,0.0464,0.0558,2.9555,359.5393,5.0898
2019-01-16,11,39,8,199.2,9.8,1.8,0.036399,9.739613,-0.36391866,-0.34476504,0.8748812,-0.35051447,0.25439918,0.0534,0.0519,2.9829,359.4407,5.0455
2019-01-16,11,39,8,236.6,2.4,4.4,0.0374,9.701305,-0.30645782,-0.41180268,0.76611227,-0.39311796,0.17784905,0.0609,0.0471,3.0103,358.9399,4.8858
2019-01-16,11,39,8,272.6,9.3,11.3,0.036001,9.787497,-0.076614454,-0.4213795,0.67970103,-0.45851544,0.062849306,0.0727,0.0392,3.0516,358.5016,4.5271
2019-01-16,11,39,8,307.5,2.5,3.5,0.034899,10.132261,0.08619126,-0.51714754,0.66346943,-0.48776716,-0.06857399,0.0819,0.0336,3.082,358.1636,4.1342
2019-01-16,11,39,8,346.0,5.0,6.0,0.038501,10.639832499999999,-0.038307227,-0.21068975,0.6847625,-0.35472070000000006,-0.15507251,0.0918,0.0289,3.1139,357.072,3.6351
2019-01-16,11,39,8,380.9,9.1,0.1,0.0349,10.658986,0.17238252,-0.34476504,0.6729466,-0.26382396,-0.17203711,0.1006,0.0266,3.1419,357.4276,3.2195
2019-01-16,11,39,8,417.8,2.2,4.2,0.036899,10.611102,0.40222588,-0.4405331,0.6255958,-0.18212509999999998,-0.19718729999999998,0.1086,0.0288,3.1687,357.6701,2.8089
2019-01-16,11,39,8,452.8,7.2,3.2,0.035,10.888829,-0.6703765,-0.009576807,0.5934294,-0.12662363,-0.20073032,0.1156,0.0314,3.1958,356.7815,2.5518
2019-01-16,11,39,8,487.2,2.8,3.8,0.0344,11.022903999999999,-0.6703765,-0.61291564,0.44376743,-0.060196407,-0.122853726,0.1222,0.0352,3.2222,357.1642,2.3937
2019-01-16,11,39,8,529.2,10.8,2.8,0.042,9.969456,-0.15322891,2.3558946,0.45938809999999997,0.07785914,-0.084404126,0.1313,0.0427,3.262,357.6371,2.0983
2019-01-16,11,39,8,567.1,3.8,5.8,0.0379,9.979032499999999,-0.842759,0.19153613,0.47390926,0.25792477,-0.055588737,0.1357,0.052,3.2896,358.1234,1.9877
2019-01-16,11,39,8,604.1,5.9,6.9,0.037001,10.793061,-0.48841715,0.18195933,0.33875096,0.20615830000000002,-0.013910273999999999,0.14,0.0581,3.3155,358.0583,1.6451
2019-01-16,11,39,8,644.5,4.5,6.5,0.0404,10.419566,-0.5554548,0.7374141,0.14821336,0.21378538,0.06335545,0.1459,0.0644,3.3532,357.2995,1.1299
2019-01-16,11,39,8,677.4,1.6,3.6,0.0329,9.653421,-0.20111294,1.6759412,0.08943067,0.26410323,0.08543386,0.1496,0.0646,3.3801,356.8088,0.7169
2019-01-16,11,39,8,713.4,5.6,7.6,0.036,9.126697,0.076614454,1.1587936,0.103759825,0.39901718,0.06965609,0.1528,0.0611,3.4053,357.2148,0.3823
2019-01-16,11,39,8,748.3,0.7,2.7,0.0349,8.350976,-0.45968673,0.26815059999999996,0.026127578999999998,0.38955748,0.06752679,0.1552,0.0581,3.4292,357.7094,0.1454
2019-01-16,11,39,8,784.3,7.7,8.7,0.036,8.580819,-0.7661445,1.484405,-0.06644469,0.34475487,0.08084365,0.1565,0.0551,3.4528,357.9567,0.0284
2019-01-16,11,39,8,820.2,9.8,0.8,0.035899,8.264783999999999,-0.15322891,0.5554548,-0.06159267,0.4108156,0.07497934,0.1573,0.0503,3.4894,358.2118,359.8242
2019-01-16,11,39,8,856.7,3.3,4.3,0.036501,8.39886,0.076614454,0.047884032,-0.19198622,0.2736327,0.06347763,0.1567,0.0463,3.5145,358.7144,359.7228
2019-01-16,11,39,8,891.6,8.4,0.4,0.0349,9.279925,0.26815059999999996,-0.05746084,-0.28050932,0.14477506,0.033737216,0.1554,0.0425,3.5418,358.6097,359.7246
2019-01-16,11,39,8,930.0,9.0,1.0,0.038399,9.662998,0.009576807,0.095768064,-0.27022934,0.03827507,-0.053791045999999995,0.1536,0.0395,3.567,358.9043,359.8281
2019-01-16,11,39,8,966.0,4.0,5.0,0.036,9.950302,-0.02873042,-0.20111294,-0.19343483,-0.008115780999999999,-0.14501941,0.1518,0.037,3.5912,358.9504,359.9386
2019-01-16,11,39,9,1.4,7.6,11.6,0.035401,10.295067,-0.35434186,0.8331822,-0.21535617,-0.11419689,-0.12601277,0.15,0.0357,3.6148,359.3131,0.0045
2019-01-16,11,39,9,38.4,0.6,2.6,0.036999,10.697293,-0.4309563,0.8810662,-0.24445081,-0.1881814,-0.08726646,0.1477,0.037,3.6494,359.4614,0.1642
2019-01-16,11,39,9,73.8,6.2,8.2,0.035401,10.955867,0.24899697,0.60333884,-0.1937141,-0.14159857,-0.06117379,0.1464,0.0385,3.6734,358.8544,359.9619
2019-01-16,11,39,9,108.8,1.2,2.2,0.035,10.927136,-0.019153614,0.33518824,-0.14749777,-0.12760103,-0.059131755999999994,0.1462,0.0409,3.6972,358.9125,359.8351
2019-01-16,11,39,9,149.2,0.8,2.8,0.0404,11.856086999999999,-0.39264908,0.63206923,-0.022270402,-0.16634732,-0.09637708,0.1464,0.0442,3.7175,359.364,359.8848
2019-01-16,11,39,9,188.6,2.4,3.4,0.039399,12.583924,1.0151415000000001,0.9672575000000001,0.05284857,-0.1348965,-0.096446894,0.147,0.0481,3.7357,0.1955,359.9149
2019-01-16,11,39,9,227.6,2.4,3.4,0.039001,9.998186,-0.41180268,1.0247183000000002,0.17989108,-0.018221237,-0.09414306,0.1476,0.0535,3.7637,0.0667,0.1488
2019-01-16,11,39,9,266.0,3.0,5.0,0.0384,9.299078999999999,-0.8714894,1.2162545,0.26076964,0.16182692,-0.043703045999999995,0.1481,0.0554,3.7824,0.2427,0.2829
2019-01-16,11,39,9,305.0,4.0,7.0,0.038999,10.342952,0.5650316,1.685518,0.28955013,0.278572,0.021327923999999998,0.148,0.0568,3.8079,0.7886,0.1329
2019-01-16,11,39,9,344.4,4.5,8.6,0.039401,9.586383999999999,0.46926352,0.9576806999999999,0.27721065,0.2249904,-0.0011868239,0.1477,0.0569,3.8248,0.7166,359.4588
2019-01-16,11,39,9,384.3,5.7,7.7,0.039899,8.839393,0.19153613,1.3503298000000001,0.31777209999999995,0.18851301,-0.07367035,0.147,0.0562,3.8408,0.8515,358.1801
2019-01-16,11,39,9,419.8,1.2,2.2,0.035501,8.523358,0.047884032,0.8619126,0.30705577,0.18538888,-0.056164697,0.1466,0.0556,3.855,0.8828,356.7899
2019-01-16,11,39,9,457.7,2.3,3.3,0.0379,7.9391727,-0.25857377,-0.10534488,0.26947883,0.17809339999999999,-0.034958944,0.1459,0.0548,3.875,1.3536,354.2738
2019-01-16,11,39,9,493.2,6.8,7.8,0.035499,7.785944000000001,-0.47884035,-0.29688102,0.21861994,0.16121607,-0.022549653,0.1456,0.0537,3.8883,2.076,351.9793
2019-01-16,11,39,9,528.6,1.4,2.4,0.035401,9.212888000000001,-0.02873042,0.019153614,0.10883873,0.05572836,0.01834341,0.1451,0.0524,3.9003,2.5138,349.3221
2019-01-16,11,39,9,564.5,5.4,6.4,0.0359,9.643844999999999,0.48841715,0.9576806999999999,-0.082693696,-0.16306610000000002,0.03478441,0.1442,0.0521,3.912,2.2262,346.2763
2019-01-16,11,39,9,598.5,0.5,2.5,0.033999,10.132261,0.5746084,1.5801731,-0.07326892,-0.12318534,-0.012217305,0.1427,0.0507,3.9231,2.0693,342.9618
2019-01-16,11,39,9,634.4,4.6,9.6,0.0359,10.314221,0.095768064,0.60333884,0.013997541,-0.1311964,-0.08923868,0.141,0.0505,3.933,2.8524,339.3764
2019-01-16,11,39,9,668.4,0.6,2.6,0.034001,9.931149000000001,-0.038307227,0.4309563,-0.050614547,-0.16414821,-0.04728097,0.1389,0.0513,3.943,3.3224,335.5358
2019-01-16,11,39,9,704.8,6.2,7.2,0.0364,10.28549,0.02873042,0.2873042,-0.14856243,-0.20959659,-0.006544985,0.134,0.0526,3.9586,2.759,329.3882
2019-01-16,11,39,9,741.3,7.7,9.7,0.0365,10.515334,0.076614454,0.39264908,-0.17563248,-0.22910938,0.016353736,0.1303,0.0522,3.9685,3.0775,324.7617
2019-01-16,11,39,9,779.7,0.3,1.3,0.0384,12.5264635,-0.05746084,-0.82360536,-0.1468171,-0.19291124,0.015044739,0.1267,0.0506,3.9771,3.4211,320.3241
2019-01-16,11,39,9,813.7,5.2,7.3,0.034,12.143391000000001,-0.61291564,1.8579005000000002,-0.098262034,-0.16786577,0.0076794485,0.1225,0.0495,3.9846,3.7742,316.3144
2019-01-16,11,39,9,850.6,8.4,1.4,0.0369,10.113108,-1.0726023999999998,2.4899697,-0.03070034,-0.049654618,0.010611602,0.1178,0.0484,3.9911,4.0693,312.3957
2019-01-16,11,39,9,886.5,2.5,5.5,0.035899,10.199299,-0.9672575000000001,0.7182605,0.10239847,0.2511005,0.070581116,0.1122,0.0479,3.9974,4.1296,308.5688
2019-01-16,11,39,9,925.0,5.0,7.0,0.038501,10.132261,-0.92895025,0.92895025,-0.09669124,0.12955579,0.27295205,0.102,0.0483,4.0064,4.3156,302.938
2019-01-16,11,39,9,962.4,7.6,9.6,0.0374,9.682152,-0.545878,2.1164744,-0.16854644,0.090024084,0.27871162,0.0933,0.049,4.0121,4.8727,299.2386
2019-01-16,11,39,9,996.4,2.6,5.6,0.033999,9.356541,-0.7182605,2.6719291000000003,-0.13510594,0.20231856,0.24188519,0.0844,0.0502,4.017,5.3303,296.07
2019-01-16,11,39,10,34.3,5.7,7.7,0.037901,8.542512,0.0,1.2258313,-0.08784242,0.348263,0.18641862,0.0744,0.0518,4.0229,4.7744,293.4111
2019-01-16,11,39,10,73.7,6.3,8.3,0.0394,8.90643,0.545878,0.60333884,-0.08148942,0.33281684,0.13189453,0.058,0.0515,4.0294,4.3002,289.7789
2019-01-16,11,39,10,113.2,6.8,7.8,0.0395,8.667010000000001,0.2777274,0.58418524,-0.099728115,0.34079298,0.08859291,0.0459,0.0487,4.034,4.9079,287.7848
2019-01-16,11,39,10,152.6,7.4,0.4,0.039399,8.590396,0.047884032,0.7086836999999999,-0.08196066,0.3014009,0.029373892000000002,0.0319,0.0457,4.0389,5.1657,286.1559
2019-01-16,11,39,10,191.6,8.4,0.4,0.039,9.097966,-0.22026655,0.7565677,-0.03728023,0.11679743,-0.10264281,0.011,0.0428,4.045,5.3273,284.2805
2019-01-16,11,39,10,232.0,9.0,10.0,0.0404,9.758766,-0.41180268,0.78529817,-0.0042935097999999994,-0.023422317999999998,-0.18062413,-0.0069,0.042,4.0501,4.7048,283.4578
2019-01-16,11,39,10,270.4,1.6,4.6,0.038401,9.634267999999999,-0.48841715,0.16280572,0.010960667,-0.048066366,-0.17289232,-0.0251,0.0405,4.0537,4.1159,282.9281
2019-01-16,11,39,10,305.9,4.1,6.1,0.035499,10.5919485,-0.31603462,-0.06703765,-0.09583603,-0.27691394,-0.15517722,-0.0526,0.0369,4.0581,3.8202,282.085
2019-01-16,11,39,10,341.3,8.7,0.7,0.035401,11.051635000000001,-0.62249243,-0.9576806999999999,-0.17882644,-0.50113636,-0.13222614,-0.0745,0.0331,4.0604,3.9697,281.5615
2019-01-16,11,39,10,377.8,2.2,4.2,0.0365,10.821792,-0.82360536,0.2873042,-0.14966199,-0.5315749,-0.08655088,-0.0989,0.0299,4.0622,3.6494,280.9785
2019-01-16,11,39,10,413.2,6.8,7.8,0.035399,11.836933,1.1300632,1.3886370000000001,-0.059306286,-0.37274995,0.005881759300000001,-0.122,0.0281,4.0633,3.2317,280.4874
2019-01-16,11,39,10,448.2,1.8,2.8,0.035,11.310209,0.4405331,3.8786068,0.084002696,-0.22544418,0.0030543262,-0.1466,0.0268,4.0639,3.0239,280.3163
2019-01-16,11,39,10,487.1,2.9,3.9,0.0389,9.576807,-0.12449849,-0.17238252,0.26535985,0.07269296,0.018203784,-0.1721,0.0264,4.0643,2.2803,280.3673
2019-01-16,11,39,10,523.0,7.0,8.0,0.0359,10.697293,0.89064306,1.2066777,0.26656413,0.025045475,0.015760323,-0.2126,0.0253,4.0643,1.26,280.354
2019-01-16,11,39,10,556.5,4.5,6.4,0.0335,10.563217999999999,0.38307226,1.4652513999999999,0.32440436,0.017592918,-0.0394968,-0.2433,0.0256,4.0637,0.7377,280.2602
2019-01-16,11,39,10,590.9,9.1,0.1,0.0344,9.730036,-0.45968673,1.1300632,0.39477602,0.048380528,-0.11271336,-0.2734,0.0284,4.0635,0.8232,280.0266
2019-01-16,11,39,10,629.9,10.1,1.1,0.039,9.500193,-0.24899697,1.1013328000000002,0.39744636,0.17955947,-0.069516465,-0.3021,0.0305,4.0641,359.77,279.4217
2019-01-16,11,39,10,670.3,9.7,0.7,0.0404,8.628703,0.06703765,0.90979666,0.44909066,0.2994985,-0.035133477,-0.3286,0.0346,4.063,358.6461,279.5629
2019-01-16,11,39,10,710.8,9.2,0.2,0.040501,8.255207,-0.17238252,0.842759,0.44256315,0.32728413,-0.05862561,-0.3685,0.0402,4.0639,359.2475,279.7291
2019-01-16,11,39,10,751.7,8.3,9.3,0.040899,8.743625,0.22984336,0.6991069000000001,0.34067082,0.24652776,-0.027366763,-0.3971,0.0471,4.0655,0.1998,279.9315
2019-01-16,11,39,10,789.6,0.4,1.4,0.037901,9.279925,0.80445176,0.7278373,0.22465879,0.020402899,-0.022113321000000002,-0.4386,0.0578,4.0687,359.9036,280.1421
2019-01-16,11,39,10,831.6,8.4,9.4,0.041999,10.237606,0.08619126,1.4173675,0.18434167,-0.03239331,-0.049043752,-0.4669,0.0602,4.0692,359.8799,279.8175
2019-01-16,11,39,10,871.0,9.0,1.0,0.039401,10.639832499999999,0.06703765,1.8004397,0.1476025,-0.006876597,-0.010786135,-0.5067,0.0595,4.0723,0.8188,279.1183
2019-01-16,11,39,10,910.4,8.6,0.6,0.039399,10.477027,0.18195933,1.2641385,0.13559464,0.07871435,0.013770646999999999,-0.5333,0.0549,4.0742,1.4773,278.4996
2019-01-16,11,39,10,950.4,1.6,2.6,0.040001,10.323798,0.62249243,1.2258313,0.14674728,0.06321582,-0.0032463125,-0.5616,0.0498,4.0766,1.583,277.6467
2019-01-16,11,39,10,993.8,5.2,9.2,0.0434,10.113108,0.9959879,0.38307226,0.24186772,0.02448697,-0.13421582,-0.601,0.0429,4.0814,2.2487,276.7833
2019-01-16,11,39,11,32.2,7.8,9.8,0.038399,10.898406,0.4309563,0.48841715,0.26403340000000003,-0.033318337,-0.16050048,-0.6308,0.0381,4.0859,2.1772,276.3481
2019-01-16,11,39,11,72.2,7.8,0.8,0.040001,10.678139999999999,0.7374141,0.8714894,0.24186772,-0.08304276,-0.14378022,-0.6742,0.0315,4.0922,1.4993,275.5479
2019-01-16,11,39,11,110.1,8.9,1.9,0.037899,9.576807,-0.08619126,2.1930888,0.25961772,-0.06489134,-0.096621424,-0.7047,0.0273,4.0979,1.1132,275.1231
2019-01-16,11,39,11,146.6,2.4,4.4,0.0365,9.299078999999999,0.6895300999999999,1.1779473,0.2778913,0.08785988,-0.03700098,-0.7365,0.0241,4.1038,1.2422,274.5719
2019-01-16,11,39,11,185.5,5.5,6.5,0.0389,9.950302,1.484405,0.92895025,0.2859722,0.043650682999999996,-0.022776546,-0.7665,0.0234,4.1102,0.9671,274.2329
2019-01-16,11,39,11,220.4,0.6,1.6,0.0349,9.5385,1.3311761999999998,0.9768343,0.3666413,0.030194197000000002,-0.11548844,-0.8122,0.0221,4.1195,0.1767,273.7167
2019-01-16,11,39,11,258.4,2.6,3.6,0.038,9.576807,1.8100165000000001,2.1260512,0.57377696,0.008150687,-0.24701644,-0.8449,0.0261,4.1264,1.3515,273.4752
2019-01-16,11,39,11,295.3,4.7,5.7,0.0369,9.299078999999999,1.5993267,2.1164744,0.755937,0.07124434,-0.23560199,-0.8764,0.03,4.1318,0.7126,273.1308
2019-01-16,11,39,11,333.3,6.7,7.7,0.038,8.868122999999999,1.3694833999999998,1.6376339,0.92085314,0.29984757,-0.15688765,-0.9066,0.0366,4.1363,359.8489,272.9199
2019-01-16,11,39,11,371.7,8.3,9.3,0.038401,9.557653,1.0726023999999998,1.4173675,1.0345439,0.37791613,-0.12587315,-0.9513,0.0447,4.142,0.4352,272.2088
2019-01-16,11,39,11,407.7,4.3,5.3,0.036,9.701305,0.82360536,1.6280571000000001,1.1070274,0.3878296,-0.09194394,-0.9818,0.0525,4.1448,1.0364,271.5475
2019-01-16,11,39,11,444.6,4.4,7.4,0.036899,9.998186,0.21068975,2.5091232999999997,1.2670567,0.33606315,-0.03572689,-1.0144,0.0607,4.1481,1.0676,270.978
2019-01-16,11,39,11,482.0,8.0,9.0,0.0374,10.113108,-0.11492168,1.9153613999999999,1.3301328000000001,0.3719122,0.10477211,-1.0438,0.0619,4.1507,0.4631,270.4831
2019-01-16,11,39,11,519.0,1.0,2.0,0.037001,10.429143,-0.11492168,2.2409727999999998,1.3591228000000002,0.4004658,0.23387411,-1.0773,0.0623,4.1612,0.1677,270.1439
2019-01-16,11,39,11,555.9,3.1,9.0,0.036899,10.371682,-0.18195933,2.0302830000000003,1.2982806,0.39372882,0.48233919999999997,-1.1246,0.0601,4.1681,359.9047,269.6706
2019-01-16,11,39,11,589.4,0.6,1.6,0.0335,10.457873,-0.38307226,1.484405,1.2608083,0.30213395,0.5984036,-1.1589,0.0553,4.1734,0.0527,269.7201
2019-01-16,11,39,11,622.3,6.7,11.7,0.0329,10.084377,-0.4405331,1.5610195,1.2702156999999998,0.1746551,0.7011685999999999,-1.1924,0.0504,4.178,0.5382,270.0526
2019-01-16,11,39,11,659.3,0.7,1.7,0.037001,10.582372,-0.25857377,1.3886370000000001,1.2924687,0.061522855999999994,0.7310312,-1.2245,0.0459,4.1813,0.6136,270.4089
2019-01-16,11,39,11,695.7,5.3,7.3,0.0364,9.662998,-0.5267244000000001,0.5267244000000001,1.4004871,-0.042865288,0.7453603,-1.2563,0.0413,4.1835,0.4807,270.7014
2019-01-16,11,39,11,733.6,6.4,8.4,0.037899,9.461885,-1.1779473,0.6703765,1.4592174,-0.14660765,0.76557124,-1.2887,0.0366,4.1847,0.4327,270.8564
2019-01-16,11,39,11,770.1,8.9,1.9,0.0365,9.682152,-1.2545617,0.79487497,1.5145444,-0.25324726,0.7524289000000001,-1.3225,0.0322,4.185,359.799,270.8285
2019-01-16,11,39,11,803.0,7.0,2.0,0.032901,8.935161,-1.436521,-0.13407529999999998,1.5576017,-0.35089844,0.7113961999999999,-1.3735,0.0256,4.1852,359.6835,270.7333
2019-01-16,11,39,11,842.0,8.0,9.0,0.039,8.858546,-1.0151415000000001,-0.10534488,1.5546171999999998,-0.49172905,0.64231604,-1.4107,0.0217,4.1841,359.9428,270.3848
2019-01-16,11,39,11,874.9,5.1,6.1,0.0329,9.605537,-0.5746084,-0.019153614,1.6090714,-0.56403804,0.58559287,-1.447,0.0238,4.1825,1.0287,270.3041
2019-01-16,11,39,11,914.9,6.1,8.1,0.039999,9.797073,-0.17238252,-0.45968673,1.6988162,-0.6234316,0.45029494,-1.4809,0.0303,4.1814,359.7241,270.4598
2019-01-16,11,39,11,951.8,8.2,1.2,0.036901,9.988609,0.02873042,-0.41180268,1.8122627,-0.6712710999999999,0.35102059999999996,-1.5137,0.0374,4.1814,358.5165,270.3629
2019-01-16,11,39,11,990.7,8.3,0.3,0.0389,9.902417999999999,-0.5746084,0.06703765,1.886666,-0.6650228,0.22818434,-1.5611,0.0444,4.1827,358.9997,270.6426
2019-01-16,11,39,12,32.7,7.3,8.3,0.042,9.279925,-0.7182605,0.02873042,1.7216451000000002,-0.5194973,0.14215706,-1.5939,0.053,4.184,0.0728,270.8553
2019-01-16,11,39,12,70.1,9.9,0.8,0.0374,9.883265,-0.32561144,-0.24899697,1.5850556999999998,-0.43898519999999996,0.0800757,-1.64,0.0631,4.1861,0.37,271.0727
2019-01-16,11,39,12,109.5,0.5,2.5,0.0394,9.586383999999999,-0.019153614,-1.5131354,1.5091513,-0.47087237,-0.07496189,-1.669,0.0671,4.1868,0.1643,271.1222
2019-01-16,11,39,12,149.5,0.5,1.5,0.039999,10.869676,0.019153614,-0.842759,1.4935306000000002,-0.45558329999999997,-0.23251276,-1.6994,0.0676,4.1867,359.855,271.1163
2019-01-16,11,39,12,192.4,7.6,9.6,0.0429,12.603078,1.0821792,0.18195933,1.1412183999999999,-0.30885348,-0.30894074,-1.7409,0.0654,4.1883,0.0415,271.1129
2019-01-16,11,39,12,233.4,6.6,7.6,0.041,9.615114,-0.5650316,0.63206923,0.83079416,-0.17290977,-0.29494318,-1.7704,0.0596,4.1896,0.7684,271.1446
2019-01-16,11,39,12,270.3,8.7,0.7,0.036901,10.745177,-0.076614454,2.6910827,0.35510468,0.06831218,-0.17570229,-1.8122,0.0521,4.192,1.0396,271.025
2019-01-16,11,39,12,309.7,2.3,4.3,0.039399,11.300632,1.1204863999999999,2.2218192,-0.25385815,0.40334558,-0.10751228,-1.8411,0.0457,4.1937,0.3,270.7633
2019-01-16,11,39,12,348.2,1.8,2.8,0.038501,9.5385,0.5363011999999999,0.2873042,-0.26764625,0.3611959,-0.16632988,-1.8707,0.0389,4.1966,0.0857,270.4876
2019-01-16,11,39,12,384.6,4.4,6.4,0.0364,10.0748005,0.7374141,1.9249381999999997,-0.18938568,0.32457888,-0.29562387,-1.8977,0.0337,4.1995,0.2048,270.1996
2019-01-16,11,39,12,421.6,9.4,11.4,0.036999,9.816227,0.5267244000000001,0.78529817,-0.21956243,0.4344299,-0.2990098,-1.9395,0.0291,4.2041,359.8587,269.8166
2019-01-16,11,39,12,461.5,8.5,9.5,0.0399,9.605537,0.05746084,1.5897499,-0.29955086,0.53881806,-0.236911,-1.9707,0.0287,4.2072,358.6595,269.4156
2019-01-16,11,39,12,498.9,2.1,3.1,0.037401,8.992621,-0.2873042,1.043872,-0.30398400000000003,0.54929,-0.18682005,-1.9992,0.0313,4.2092,359.6734,268.9384
2019-01-16,11,39,12,541.4,9.6,10.6,0.042499,8.6095495,0.39264908,-0.05746084,-0.24905849,0.42257910000000004,-0.10515609,-2.0412,0.0309,4.2113,358.6072,267.7887
2019-01-16,11,39,12,576.3,2.7,4.7,0.0349,8.322245,0.46926352,-0.7182605,-0.14247122,0.26823965,-0.086149454,-2.0704,0.0352,4.2115,359.2325,267.1349
2019-01-16,11,39,12,612.8,7.2,9.2,0.036501,9.222465,0.32561144,0.2777274,0.23638739,-0.17432348,-0.05092871,-2.0974,0.0417,4.2116,359.1784,266.5872
2019-01-16,11,39,12,649.7,2.3,4.3,0.036899,9.11712,0.51714754,0.29688102,0.33093187,-0.26448720000000003,-0.04096288,-2.1215,0.0492,4.2112,359.6687,266.1445
2019-01-16,11,39,12,693.1,5.9,10.9,0.0434,9.3182335,-0.02873042,0.4309563,0.38062140000000005,-0.18798941,-0.0043458696,-2.157,0.0588,4.2107,0.0692,265.546
2019-01-16,11,39,12,729.1,0.9,1.9,0.036001,10.141838,-0.047884032,0.49799395,0.40463713,-0.22525219999999999,0.07291985,-2.1828,0.0651,4.2102,358.9077,265.216
2019-01-16,11,39,12,767.5,3.5,5.5,0.0384,10.429143,-0.095768064,0.009576807,0.38837066,-0.26729718,0.15037757,-2.2184,0.0683,4.2095,358.237,264.7873
2019-01-16,11,39,12,806.0,4.0,6.0,0.038499,10.5919485,-0.45010993,-0.29688102,0.43261477,-0.32777283,0.14538592,-2.2415,0.0645,4.2091,358.3621,264.5963
2019-01-16,11,39,12,845.9,4.1,5.1,0.039901,10.888829,-0.45010993,0.7374141,0.47610837,-0.31236157,0.12405799999999999,-2.2643,0.062,4.2087,358.8522,264.4769
2019-01-16,11,39,12,883.8,6.2,8.2,0.0379,12.401964999999999,-0.02873042,0.46926352,0.2844712,-0.17948966,0.12974778,-2.2826,0.0593,4.2053,358.5634,264.5822
2019-01-16,11,39,12,923.8,6.2,8.2,0.04,11.884817,0.34476504,0.80445176,0.19945623,-0.068783425,0.11763519,-2.31,0.0565,4.2019,358.5718,264.7776
2019-01-16,11,39,12,964.2,5.8,6.8,0.0404,9.481038999999999,-1.2162545,2.4516625,-0.08087855599999999,0.18065903,0.13582152,-2.3287,0.0547,4.1986,358.6722,264.8266
2019-01-16,11,39,13,3.6,6.4,8.4,0.0394,10.745177,0.7278373,0.63206923,-0.21985912,0.23666665,0.17029178,-2.3558,0.0522,4.1937,358.7733,264.4941
2019-01-16,11,39,13,43.6,6.4,8.4,0.039999,9.902417999999999,-0.047884032,0.4405331,-0.20406389,0.14109242,0.09293878,-2.374,0.0506,4.1895,358.6466,263.733
2019-01-16,11,39,13,82.5,7.5,8.5,0.0389,9.078813,-0.93852705,2.1164744,-0.18538888,0.13159783,0.06736971,-2.3931,0.0486,4.1854,357.9236,262.8685
2019-01-16,11,39,13,125.0,5.0,7.0,0.042501,8.781932000000001,-0.60333884,1.3694833999999998,-0.33433527,0.31634092,0.059620447,-2.4197,0.0463,4.1795,357.2267,261.9836
2019-01-16,11,39,13,160.4,9.6,0.6,0.035399,9.002198,-0.10534488,0.7086836999999999,-0.3538655,0.36061993,0.07853982,-2.4385,0.0474,4.1758,357.1365,261.6023
2019-01-16,11,39,13,196.8,3.2,5.2,0.0364,9.040505,0.02873042,0.6512229,-0.20799088,0.26944393,0.060737457,-2.4548,0.0479,4.1717,356.6193,260.3446
2019-01-16,11,39,13,233.3,5.7,7.7,0.0365,8.868122999999999,0.047884032,-0.33518824,-0.1537286,0.22034782,0.050405107000000005,-2.4704,0.0504,4.1676,356.1101,258.6971
2019-01-16,11,39,13,269.2,0.8,2.8,0.0359,8.839393,0.009576807,-0.22984336,-0.09407324,0.13137093,0.046460666,-2.4926,0.052,4.1606,356.0605,256.3833
2019-01-16,11,39,13,305.2,3.8,5.8,0.036,9.222465,-0.82360536,0.23942018,0.24996606,-0.24553291,0.054838244,-2.5069,0.0534,4.1555,356.9442,254.3759
2019-01-16,11,39,13,343.6,6.4,8.4,0.038401,9.327810000000001,-0.038307227,0.63206923,0.23048818,-0.19308577,0.05009095,-2.5201,0.0553,4.1499,357.2395,251.9872
2019-01-16,11,39,13,380.6,9.4,0.4,0.036999,9.624691,-0.16280572,-0.1436521,0.17044885,-0.13185963,0.075694926,-2.5319,0.0556,4.1438,357.4571,249.1478
2019-01-16,11,39,13,415.5,4.5,5.5,0.0349,9.892841,-0.62249243,0.8331822,0.21788691,-0.20886356,0.048275806,-2.5421,0.0549,4.1366,357.715,245.8663
2019-01-16,11,39,13,451.4,0.6,1.6,0.0359,10.524911,-0.24899697,1.9536686,0.23397884,-0.21738076,0.029269172000000003,-2.5577,0.0527,4.1248,358.5168,240.3073
2019-01-16,11,39,13,489.4,0.6,2.6,0.038,11.252748,0.22026655,0.90021986,0.17791887,-0.12740904,-0.027977629,-2.5686,0.0504,4.116,359.723,235.7618
2019-01-16,11,39,13,527.8,2.2,3.2,0.0384,11.9135475,1.685518,1.9919758,0.17605136,-0.08545132,-0.11677998,-2.578,0.0505,4.1066,0.5015,231.0841
2019-01-16,11,39,13,566.3,4.6,5.6,0.038501,11.492168,1.0821792,3.1507695,-0.035273105,0.18631389999999998,-0.26031587,-2.5881,0.0515,4.0985,0.922,226.88
2019-01-16,11,39,13,602.2,7.8,9.8,0.035899,10.304644999999999,-0.24899697,1.4748282,-0.26110125,0.42458624,-0.25302038,-2.5987,0.0522,4.085,1.8024,220.9332
2019-01-16,11,39,13,640.6,9.4,1.4,0.0384,10.342952,-0.15322891,2.1643584,-0.28534390000000004,0.44806093,-0.22160445,-2.6045,0.0529,4.0752,2.5364,216.6972
2019-01-16,11,39,13,677.1,1.9,3.9,0.0365,9.931149000000001,0.18195933,1.5227122,-0.21636847,0.40451497,-0.17900097,-2.6113,0.0553,4.0656,3.1697,212.9076
2019-01-16,11,39,13,714.0,6.0,7.0,0.036901,9.902417999999999,0.24899697,1.9153613999999999,-0.20484929,0.44622833,-0.15406021,-2.6155,0.0577,4.0562,3.5906,209.5264
2019-01-16,11,39,13,750.5,9.5,1.5,0.0365,8.446744,-0.38307226,0.81402856,-0.11285299,0.39194858,-0.15439183,-2.6205,0.0608,4.0461,3.7953,206.3937
2019-01-16,11,39,13,784.9,7.1,8.1,0.0344,8.322245,-0.40222588,0.7278373,-0.014922565,0.2401224,-0.10641272,-2.6266,0.0647,4.0297,3.9867,201.9622
2019-01-16,11,39,13,824.9,5.1,7.1,0.039999,7.9487495,-0.39264908,1.0151415000000001,-0.0031939526,0.21825342,-0.056985,-2.6313,0.0676,4.0162,3.9086,199.4576
2019-01-16,11,39,13,857.3,2.7,4.7,0.032401,7.747636999999999,-0.22026655,0.8331822,-0.070424035,0.19350465,0.08025024,-2.6362,0.0683,4.0024,3.9848,197.3839
2019-01-16,11,39,13,894.3,5.7,8.7,0.036999,8.6574335,0.076614454,0.7661445,0.023719024,-0.008744099,0.27396435,-2.6403,0.068,3.9889,3.6802,195.9949
2019-01-16,11,39,13,930.7,8.3,0.3,0.0364,8.686164,0.12449849,0.94810385,0.15545648,-0.15125023,0.25960028,-2.6447,0.0669,3.9745,3.2479,194.8056
2019-01-16,11,39,13,967.6,1.4,3.4,0.0369,9.155427,0.48841715,0.45010993,0.25813420000000004,-0.22045253,0.18669787,-2.6509,0.0643,3.9523,3.5245,192.9274
2019-01-16,11,39,14,5.6,3.4,8.4,0.038,10.601525,0.019153614,0.9768343,0.35210273,-0.31307715,0.102573,-2.6563,0.0616,3.9353,3.9752,191.923
2019-01-16,11,39,14,42.5,7.5,9.5,0.036901,10.793061,-0.19153613,0.29688102,0.37976620000000005,-0.38282052,0.08250172,-2.662,0.06,3.9157,3.7641,190.94
2019-01-16,11,39,14,78.5,2.5,3.5,0.036,11.645397,-0.009576807,1.7429788,0.30457740000000005,-0.33482397,0.064001225,-2.6678,0.057,3.8964,3.0052,190.1617
2019-01-16,11,39,14,114.4,5.6,6.6,0.035899,11.990162,0.038307227,2.0494366000000004,0.17399187,-0.21265091,0.031939525,-2.6736,0.0523,3.8766,2.0752,189.5488
2019-01-16,11,39,14,153.3,6.7,7.7,0.0389,13.168109,0.545878,1.7046716,0.072483525,-0.077265725,-0.041556288,-2.6826,0.0431,3.8453,0.9893,189.0494
2019-01-16,11,39,14,191.8,8.2,9.2,0.038501,11.540052000000001,-1.283292,4.0222587999999995,-0.1338144,0.12665854,-0.087231554,-2.6894,0.0343,3.8209,0.479,189.0724
2019-01-16,11,39,14,229.2,0.8,1.8,0.0374,9.634267999999999,-0.9864110999999999,2.1068976000000004,-0.33993778,0.27408649999999996,-0.078592174,-2.6962,0.0272,3.796,359.8806,189.1521
2019-01-16,11,39,14,266.7,3.3,5.3,0.0375,10.160992,-0.02873042,1.0055646999999999,-0.47506118,0.25418976,0.013072516000000001,-2.7022,0.0247,3.771,0.2101,189.273
2019-01-16,11,39,14,304.6,4.4,6.4,0.0379,8.963891,-0.50757074,0.7278373,-0.48720866,0.16863371,0.062028999999999994,-2.7108,0.0246,3.7325,359.9648,189.2716
2019-01-16,11,39,14,342.0,8.0,9.0,0.0374,8.992621,-0.26815059999999996,1.7908629,-0.45055676,0.15482816,0.064751714,-2.7158,0.0278,3.7017,357.8116,188.905
2019-01-16,11,39,14,379.5,0.5,1.5,0.0375,9.126697,-0.038307227,1.5801731,-0.48701668,0.2417281,0.029914944,-2.7186,0.0291,3.6753,359.0075,188.5113
2019-01-16,11,39,14,414.4,5.6,7.6,0.0349,8.896853,-0.11492168,1.5993267,-0.43456954,0.24551547,0.006440265,-2.7203,0.0318,3.6503,0.0188,188.3617
2019-01-16,11,39,14,450.9,8.1,1.1,0.0365,8.590396,-0.41180268,1.5227122,-0.351806,0.21568778,0.0090408055,-2.7235,0.0429,3.6106,358.5454,188.5231
2019-01-16,11,39,14,490.8,9.2,1.2,0.0399,8.485051,-0.29688102,1.7812861,-0.32875022,0.22483331,0.045622908,-2.7246,0.0474,3.5833,359.5164,189.0782
2019-01-16,11,39,14,525.8,5.2,6.2,0.035,8.676587,0.0,1.5514427,-0.1381079,0.056653388,0.07049385,-2.7242,0.0502,3.5573,0.6182,189.2693
2019-01-16,11,39,14,563.2,6.7,7.7,0.0374,8.714894000000001,-0.29688102,0.6799533,0.16533504,-0.18228218,0.054925512999999995,-2.7237,0.0525,3.534,0.5179,189.1729
2019-01-16,11,39,14,600.1,8.9,0.9,0.036899,9.212888000000001,-0.095768064,1.1300632,0.24783675,-0.16870353,0.0066147977,-2.723,0.0551,3.4981,0.1433,188.6978
2019-01-16,11,39,14,637.1,3.9,4.9,0.037001,9.662998,-0.10534488,1.4173675,0.22369885,-0.08689994,-0.017156586,-2.7216,0.0549,3.4721,0.0579,187.946
2019-01-16,11,39,14,675.0,4.0,6.0,0.0379,10.160992,0.06703765,1.5514427,0.22694516,-0.03544764,-0.03275983,-2.7203,0.055,3.4445,359.8688,187.2082
2019-01-16,11,39,14,712.0,7.0,9.0,0.036999,11.128249,-0.12449849,0.5650316,0.26513296,-0.07665486,-0.02094395,-2.719,0.0538,3.4188,359.4678,186.6072
2019-01-16,11,39,14,748.9,0.1,2.1,0.036901,11.894394,-0.6607997,0.13407529999999998,0.31286773,-0.18072884,-0.0005410521,-2.7179,0.0504,3.3927,359.4946,186.105
2019-01-16,11,39,14,785.3,3.7,5.7,0.036399,12.277467,1.0821792,1.4748282,0.3856305,-0.33246776,0.014137166999999999,-2.7154,0.0446,3.3525,359.2415,185.3428
2019-01-16,11,39,14,824.3,4.7,7.7,0.039,10.429143,-0.36391866,3.0166939999999998,0.23434536,-0.20481439,-0.043179445,-2.7133,0.0373,3.3222,359.5115,184.8737
2019-01-16,11,39,14,859.7,9.3,3.3,0.035401,10.773908,-0.076614454,2.135628,0.110845864,-0.055571284000000006,-0.06429793,-2.7111,0.0304,3.2917,359.1114,184.5577
2019-01-16,11,39,14,896.2,2.8,4.8,0.0365,10.007763,0.24899697,1.8100165000000001,-0.041748274,0.12438962,-0.07675958,-2.7088,0.0263,3.2613,358.813,184.4606
2019-01-16,11,39,14,930.6,8.4,1.4,0.0344,9.662998,0.38307226,1.5801731,-0.054087754,0.14835298,-0.09019861,-2.7063,0.0243,3.2311,358.7419,184.557
2019-01-16,11,39,14,966.1,3.9,5.9,0.0355,9.768343,0.30645782,2.0494366000000004,0.03481932,0.13269739,-0.11555825,-2.7017,0.0241,3.184,357.3489,184.8443
2019-01-16,11,39,15,1.5,7.5,0.5,0.0354,9.423578,0.23942018,1.9536686,0.031136672999999997,0.13716543,-0.10723303,-2.6985,0.0309,3.1517,357.5189,185.6449
2019-01-16,11,39,15,38.5,1.5,4.4,0.037,9.040505,0.19153613,1.4077905000000002,-0.0017802357999999999,0.17373008,-0.09180432,-2.6957,0.0376,3.1158,353.7237,186.0018
2019-01-16,11,39,15,74.9,5.1,6.1,0.036399,8.599973,0.1436521,1.1204863999999999,-0.060737457,0.24336872,-0.10414380000000001,-2.6932,0.0419,3.0852,353.9737,185.9954
2019-01-16,11,39,15,115.3,4.7,6.7,0.0404,8.341399000000001,0.2777274,0.8523358,-0.08332202,0.26963592,-0.09524262,-2.6923,0.046,3.0556,355.4745,186.2087
2019-01-16,11,39,15,150.8,3.2,4.2,0.035501,8.169016000000001,0.20111294,0.17238252,-0.0323235,0.18308504,-0.0694292,-2.6906,0.0562,3.0099,355.1831,186.0952
2019-01-16,11,39,15,190.7,9.3,1.3,0.039899,9.203311,0.6512229,1.0534488000000002,0.28996900000000003,-0.24403194,-0.015358897,-2.6898,0.0612,2.9781,355.3623,185.9705
2019-01-16,11,39,15,229.2,0.8,1.8,0.038501,9.864111,0.62249243,1.4269443000000002,0.33452725,-0.22581069,-0.0837409,-2.6885,0.0636,2.9445,355.6651,185.7132
2019-01-16,11,39,15,267.6,2.4,4.4,0.038399,9.902417999999999,0.22984336,0.641646,0.2842094,-0.22062707,-0.075118974,-2.6872,0.0623,2.9133,356.2157,185.5731
2019-01-16,11,39,15,303.5,6.5,7.5,0.0359,10.716447,0.19153613,0.8619126,0.22558379999999997,-0.26729718,-0.037943456,-2.6852,0.0604,2.8656,356.6557,185.5117
2019-01-16,11,39,15,337.0,2.0,4.0,0.0335,10.888829,0.02873042,0.5746084,0.18542378,-0.30791098,-0.017418386,-2.6844,0.0571,2.8308,356.8111,185.7238
2019-01-16,11,39,15,373.4,6.6,8.6,0.036401,10.754754,0.4405331,1.8195933000000002,0.15175638,-0.27124159999999997,0.0072954763,-2.6838,0.052,2.7973,356.8748,185.9413
2019-01-16,11,39,15,407.9,2.1,4.1,0.034499,11.109096000000001,0.63206923,0.5363011999999999,0.09292133,-0.20711823,0.0059166662,-2.6837,0.0466,2.7648,356.6924,185.9519
2019-01-16,11,39,15,445.3,4.7,5.7,0.0374,12.612655,0.545878,1.8291701,0.064577185,-0.17901842,-0.015917404,-2.6842,0.0396,2.7315,356.7195,185.8497
2019-01-16,11,39,15,480.3,12.7,0.7,0.035,9.730036,-0.5267244000000001,2.7581203,0.012810716000000002,-0.11828096,-0.029478611000000002,-2.6852,0.0326,2.6977,357.243,185.7193
2019-01-16,11,39,15,512.7,7.3,8.3,0.032401,8.90643,-0.51714754,2.0398598000000003,-0.27623326,0.22649138,-0.03160791,-2.6865,0.0263,2.6626,357.3844,185.5787
2019-01-16,11,39,15,548.6,1.4,3.4,0.0359,10.036493,0.13407529999999998,1.8579005000000002,-0.34672709999999995,0.22800982,0.046233773,-2.6883,0.0209,2.6267,357.6741,185.4394
2019-01-16,11,39,15,589.1,0.9,1.9,0.0405,9.701305,-0.08619126,0.7469909,-0.28834584,0.15783012,0.09880309,-2.6914,0.0135,2.5714,357.6154,185.1924
2019-01-16,11,39,15,625.0,5.0,7.0,0.0359,9.155427,-0.45968673,2.8538885,-0.26757643,0.14254104,0.0977908,-2.6937,0.0169,2.5315,358.338,185.0751
2019-01-16,11,39,15,664.0,6.0,7.0,0.038999,9.097966,-0.2873042,3.1316159,-0.41711622,0.3829776,0.05199336,-2.6944,0.0201,2.4926,357.3576,185.2887
2019-01-16,11,39,15,701.4,7.6,0.6,0.0374,9.030928999999999,0.047884032,1.091756,-0.4256858,0.42844343,0.027872908999999998,-2.6954,0.0299,2.4404,358.4672,185.8852
2019-01-16,11,39,15,745.3,4.7,6.7,0.043901,9.404425,-0.24899697,1.4077905000000002,-0.32820916,0.32014576,0.09313077,-2.694,0.0376,2.4046,0.7951,185.9615
2019-01-16,11,39,15,782.8,6.2,8.2,0.037499,9.624691,-0.20111294,1.7717092,-0.28293532,0.2861991,0.15207054,-2.693,0.0505,2.3539,1.3714,186.1881
2019-01-16,11,39,15,827.7,4.3,5.3,0.044901,9.289502,-0.4405331,1.8291701,-0.09892526,0.12128293,0.11861257,-2.6922,0.0584,2.3206,359.9239,185.7933
2019-01-16,11,39,15,868.2,1.8,2.8,0.040499,9.672575,-0.63206923,3.217807,0.002321288,0.07785914,0.10164797,-2.6917,0.062,2.2709,0.3851,185.4302
2019-01-16,11,39,15,906.6,2.4,4.4,0.0384,9.586383999999999,-0.19153613,2.8634652999999997,0.011623893,0.20827013,0.11908381400000001,-2.6917,0.06,2.2386,0.3444,185.1088
2019-01-16,11,39,15,950.0,1.0,2.0,0.0434,9.528922999999999,-0.10534488,1.4077905000000002,0.060650192,0.25614452,0.104684845,-2.6917,0.0559,2.204,0.4786,185.0772
2019-01-16,11,39,15,989.0,1.0,3.0,0.039001,9.825804,-0.1436521,1.6089035,0.24286257,0.06410594,0.108542025,-2.6915,0.0489,2.1567,1.1223,185.1123
2019-01-16,11,39,16,29.9,0.1,1.1,0.0409,9.816227,-0.17238252,2.0111293999999997,0.42439425,-0.119816855,0.11381292,-2.691,0.0414,2.1215,0.7626,185.3297
2019-01-16,11,39,16,70.3,0.6,1.7,0.040399,10.448297,0.20111294,1.5610195,0.44188246,-0.07054621,0.09532988,-2.6898,0.03,2.0711,0.6299,185.7354
2019-01-16,11,39,16,113.3,10.7,12.7,0.043,10.170568,0.13407529999999998,2.5187001,0.42364377,-0.046233773,0.013875367,-2.6886,0.0208,2.0365,0.9168,186.173
2019-01-16,11,39,16,155.2,-26.2,-23.2,0.041901,9.825804,-0.12449849,2.6910827,0.4198564,-0.030490901,0.0031415927,-2.6869,0.0113,1.9836,1.8285,186.8404
2019-01-16,11,39,16,198.1,-69.1,-66.1,0.0429,9.825804,-0.12449849,2.6910827,0.4198564,-0.030490901,0.0031415927,-2.6855,0.0116,1.946,0.4388,187.0973
2019-01-16,11,39,16,241.1,-112.1,-109.1,0.042999,9.825804,-0.12449849,2.6910827,0.4198564,-0.030490901,0.0031415927,-2.6845,0.0137,1.8909,0.8633,187.5524
2019-01-16,11,39,16,278.0,-149.0,-146.0,0.0369,9.825804,-0.12449849,2.6910827,0.4198564,-0.030490901,0.0031415927,-2.6858,0.0158,1.8536,359.5087,187.8517
2019-01-16,11,39,16,317.9,-188.9,-185.9,0.039901,9.825804,-0.12449849,2.6910827,0.4198564,-0.030490901,0.0031415927,-2.6875,0.022,1.8206,359.336,187.8081
2019-01-16,11,39,16,356.4,-227.4,-224.4,0.0385,9.825804,-0.12449849,2.6910827,0.4198564,-0.030490901,0.0031415927,-2.6907,0.0294,1.775,0.5242,187.817
2019-01-16,11,39,16,396.3,-267.3,-264.3,0.0399,9.825804,-0.12449849,2.6910827,0.4198564,-0.030490901,0.0031415927,-2.694,0.0402,1.7436,0.4873,187.6776
2019-01-16,11,39,16,438.8,-309.8,-306.8,0.0425,9.825804,-0.12449849,2.6910827,0.4198564,-0.030490901,0.0031415927,-2.6993,0.0547,1.6986,359.6033,187.8547
2019-01-16,11,39,16,479.7,-350.7,-347.7,0.0409,9.825804,-0.12449849,2.6910827,0.4198564,-0.030490901,0.0031415927,-2.7034,0.0607,1.6675,359.1754,187.6626
2019-01-16,11,39,16,516.1,-387.1,-384.1,0.0364,9.825804,-0.12449849,2.6910827,0.4198564,-0.030490901,0.0031415927,-2.7088,0.0645,1.624,359.3266,187.0591
2019-01-16,11,39,16,562.1,-433.1,-430.1,0.046,9.825804,-0.12449849,2.6910827,0.4198564,-0.030490901,0.0031415927,-2.7132,0.0605,1.5956,0.0975,186.4798
2019-01-16,11,39,16,604.0,-475.0,-472.0,0.041899,9.825804,-0.12449849,2.6910827,0.4198564,-0.030490901,0.0031415927,-2.7201,0.0549,1.5511,0.9523,185.9241
2019-01-16,11,39,16,642.9,-513.9,-510.9,0.038901,9.825804,-0.12449849,2.6910827,0.4198564,-0.030490901,0.0031415927,-2.7263,0.0486,1.5205,1.2248,185.8597
2019-01-16,11,39,16,684.4,-555.4,-552.4,0.0415,9.825804,-0.12449849,2.6910827,0.4198564,-0.030490901,0.0031415927,-2.7358,0.0414,1.4763,0.4059,185.8982
2019-01-16,11,39,16,724.8,-595.8,-592.8,0.040399,9.825804,-0.12449849,2.6910827,0.4198564,-0.030490901,0.0031415927,-2.7434,0.0332,1.4466,359.705,185.8428
2019-01-16,11,39,16,765.2,-636.2,-633.2,0.040401,9.825804,-0.12449849,2.6910827,0.4198564,-0.030490901,0.0031415927,-2.7514,0.0259,1.4163,359.5354,185.4094
2019-01-16,11,39,16,805.2,-676.2,-673.2,0.039999,9.825804,-0.12449849,2.6910827,0.4198564,-0.030490901,0.0031415927,-2.7628,0.0194,1.3725,359.5856,184.8218
2019-01-16,11,39,16,846.1,-717.1,-714.1,0.0409,9.825804,-0.12449849,2.6910827,0.4198564,-0.030490901,0.0031415927,-2.7711,0.0203,1.3407,358.783,184.3199
2019-01-16,11,39,16,891.5,-762.5,-759.5,0.045401,9.825804,-0.12449849,2.6910827,0.4198564,-0.030490901,0.0031415927,-2.7819,0.0249,1.2981,358.2627,183.6085
2019-01-16,11,39,16,929.5,-800.5,-797.5,0.038,9.825804,-0.12449849,2.6910827,0.4198564,-0.030490901,0.0031415927,-2.7885,0.0272,1.2689,357.499,183.5209
2019-01-16,11,39,16,973.4,-844.4,-841.4,0.0439,9.825804,-0.12449849,2.6910827,0.4198564,-0.030490901,0.0031415927,-2.7969,0.0313,1.2289,359.2871,183.9248
2019-01-16,11,39,17,14.3,-885.3,-882.3,0.040899,9.825804,-0.12449849,2.6910827,0.4198564,-0.030490901,0.0031415927,-2.801,0.0397,1.2012,359.2531,184.1879
2019-01-16,11,39,17,56.8,-927.8,-924.8,0.0425,9.825804,-0.12449849,2.6910827,0.4198564,-0.030490901,0.0031415927,-2.808,0.0484,1.1628,359.4467,184.379
2019-01-16,11,39,17,96.7,-967.7,-964.7,0.0399,9.825804,-0.12449849,2.6910827,0.4198564,-0.030490901,0.0031415927,-2.8087,0.0573,1.1309,359.3254,183.9514
2019-01-16,11,39,17,137.7,-1008.7,-1005.7,0.041,9.825804,-0.12449849,2.6910827,0.4198564,-0.030490901,0.0031415927,-2.8133,0.0619,1.0922,359.1352,183.5701
2019-01-16,11,39,17,178.6,-1049.6,-1046.6,0.0409,9.825804,-0.12449849,2.6910827,0.4198564,-0.030490901,0.0031415927,-2.8157,0.0608,1.0648,358.6154,183.1225
2019-01-16,11,39,17,221.0,-1092.0,-1089.0,0.042401,9.825804,-0.12449849,2.6910827,0.4198564,-0.030490901,0.0031415927,-2.8191,0.0582,1.0286,358.6775,182.6593
2019-01-16,11,39,17,264.0,-1135.0,-1132.0,0.042999,9.825804,-0.12449849,2.6910827,0.4198564,-0.030490901,0.0031415927,-2.8209,0.054,1.0019,358.6925,182.6257
2019-01-16,11,39,17,303.9,-1174.9,-1171.9,0.0399,9.825804,-0.12449849,2.6910827,0.4198564,-0.030490901,0.0031415927,-2.8232,0.0485,0.9645,358.8824,182.7412
2019-01-16,11,39,17,346.3,-1217.3,-1214.3,0.0424,9.825804,-0.12449849,2.6910827,0.4198564,-0.030490901,0.0031415927,-2.824,0.0433,0.9363,358.6407,183.1397
2019-01-16,11,39,17,387.8,-1258.8,-1255.8,0.0415,9.825804,-0.12449849,2.6910827,0.4198564,-0.030490901,0.0031415927,-2.8247,0.0352,0.8991,359.1348,183.7838
2019-01-16,11,39,17,430.7,-1301.7,-1298.7,0.042901,9.825804,-0.12449849,2.6910827,0.4198564,-0.030490901,0.0031415927,-2.8237,0.0326,0.8727,359.4958,184.1011
2019-01-16,11,39,17,469.6,-1340.6,-1337.6,0.038899,9.825804,-0.12449849,2.6910827,0.4198564,-0.030490901,0.0031415927,-2.8229,0.0327,0.8342,358.0113,184.4334
2019-01-16,11,39,17,508.6,-1379.6,-1376.6,0.039001,9.825804,-0.12449849,2.6910827,0.4198564,-0.030490901,0.0031415927,-2.8213,0.0341,0.8071,357.1936,184.4299
2019-01-16,11,39,17,550.0,-1421.0,-1418.0,0.0414,9.825804,-0.12449849,2.6910827,0.4198564,-0.030490901,0.0031415927,-2.8196,0.039,0.771,357.1371,184.2122
2019-01-16,11,39,17,589.4,-1460.4,-1457.4,0.0394,9.825804,-0.12449849,2.6910827,0.4198564,-0.030490901,0.0031415927,-2.8191,0.0437,0.7478,354.851,183.5444
2019-01-16,11,39,17,631.4,-1502.4,-1499.4,0.041999,9.825804,-0.12449849,2.6910827,0.4198564,-0.030490901,0.0031415927,-2.8196,0.0428,0.7274,356.4658,183.4388
2019-01-16,11,39,17,669.8,-1540.8,-1537.8,0.0384,9.825804,-0.12449849,2.6910827,0.4198564,-0.030490901,0.0031415927,-2.8211,0.0468,0.6998,357.6688,183.7264
2019-01-16,11,39,17,709.3,-1580.3,-1577.3,0.0395,9.825804,-0.12449849,2.6910827,0.4198564,-0.030490901,0.0031415927,-2.8228,0.0547,0.6827,357.4714,184.1554
2019-01-16,11,39,17,753.7,-1624.7,-1621.7,0.0444,9.825804,-0.12449849,2.6910827,0.4198564,-0.030490901,0.0031415927,-2.8245,0.0617,0.6588,357.5715,184.7919
2019-01-16,11,39,17,790.1,-1661.1,-1658.1,0.0364,9.825804,-0.12449849,2.6910827,0.4198564,-0.030490901,0.0031415927,-2.8247,0.0637,0.6447,357.5827,184.7895
2019-01-16,11,39,17,828.6,-1699.6,-1696.6,0.038501,9.825804,-0.12449849,2.6910827,0.4198564,-0.030490901,0.0031415927,-2.8251,0.066,0.631,357.4666,184.5272
2019-01-16,11,39,17,865.0,-1736.0,-1733.0,0.036399,9.825804,-0.12449849,2.6910827,0.4198564,-0.030490901,0.0031415927,-2.8259,0.0683,0.6124,357.4483,183.9781
2019-01-16,11,39,17,906.9,-1777.9,-1774.9,0.041901,9.825804,-0.12449849,2.6910827,0.4198564,-0.030490901,0.0031415927,-2.8275,0.07,0.601,357.5327,183.4923
2019-01-16,11,39,17,944.9,-1815.9,-1812.9,0.038,9.825804,-0.12449849,2.6910827,0.4198564,-0.030490901,0.0031415927,-2.8301,0.071,0.59,357.9977,183.1246
2019-01-16,11,39,17,983.3,-1854.3,-1851.3,0.038399,9.825804,-0.12449849,2.6910827,0.4198564,-0.030490901,0.0031415927,-2.8342,0.0707,0.5776,359.1805,182.5987
2019-01-16,11,39,18,20.3,-1891.3,-1888.3,0.037,9.825804,-0.12449849,2.6910827,0.4198564,-0.030490901,0.0031415927,-2.8377,0.0691,0.5716,359.6309,182.4541
2019-01-16,11,39,18,61.2,-1932.2,-1929.2,0.0409,9.825804,-0.12449849,2.6910827,0.4198564,-0.030490901,0.0031415927,-2.8416,0.069,0.5641,359.8137,182.0972
2019-01-16,11,39,18,96.2,-1967.2,-1964.2,0.035,9.825804,-0.12449849,2.6910827,0.4198564,-0.030490901,0.0031415927,-2.8451,0.0696,0.5551,359.4104,181.6602
2019-01-16,11,39,18,133.6,-2004.6,-2001.6,0.037401,9.825804,-0.12449849,2.6910827,0.4198564,-0.030490901,0.0031415927,-2.8501,0.0697,0.547,359.0275,181.1112
2019-01-16,11,39,18,168.5,-2039.5,-2036.5,0.0349,9.825804,-0.12449849,2.6910827,0.4198564,-0.030490901,0.0031415927,-2.8535,0.0717,0.5422,359.2687,180.8021
2019-01-16,11,39,18,206.5,-2077.5,-2074.5,0.037999,9.825804,-0.12449849,2.6910827,0.4198564,-0.030490901,0.0031415927,-2.8569,0.0755,0.5379,359.0376,180.5561
2019-01-16,11,39,18,244.9,-2115.9,-2112.9,0.038401,9.825804,-0.12449849,2.6910827,0.4198564,-0.030490901,0.0031415927,-2.8591,0.0777,0.5331,357.4957,180.3799
2019-01-16,11,39,18,282.9,-2153.9,-2150.9,0.038,9.825804,-0.12449849,2.6910827,0.4198564,-0.030490901,0.0031415927,-2.8629,0.0787,0.5286,357.1212,180.3801
2019-01-16,11,39,18,321.8,-2192.8,-2189.8,0.038899,9.825804,-0.12449849,2.6910827,0.4198564,-0.030490901,0.0031415927,-2.8651,0.0778,0.5257,357.5165,180.3912
2019-01-16,11,39,18,359.7,-2230.7,-2227.7,0.037901,9.825804,-0.12449849,2.6910827,0.4198564,-0.030490901,0.0031415927,-2.8664,0.0771,0.5231,357.893,180.2823
2019-01-16,11,39,18,400.2,-2271.2,-2268.2,0.0405,9.825804,-0.12449849,2.6910827,0.4198564,-0.030490901,0.0031415927,-2.8677,0.0762,0.5196,358.235,179.9674
2019-01-16,11,39,18,440.1,-2311.1,-2308.1,0.0399,9.825804,-0.12449849,2.6910827,0.4198564,-0.030490901,0.0031415927,-2.8679,0.0757,0.5165,358.0205,179.6996
2019-01-16,11,39,18,480.0,-2351.0,-2348.0,0.0399,9.825804,-0.12449849,2.6910827,0.4198564,-0.030490901,0.0031415927,-2.868,0.0748,0.5151,358.3163,179.5945
2019-01-16,11,39,18,516.0,-2387.0,-2384.0,0.035999,9.825804,-0.12449849,2.6910827,0.4198564,-0.030490901,0.0031415927,-2.8684,0.074,0.5133,358.4958,179.5599
2019-01-16,11,39,18,553.9,-2424.9,-2421.9,0.0379,9.825804,-0.12449849,2.6910827,0.4198564,-0.030490901,0.0031415927,-2.8685,0.074,0.5124,358.3769,179.737
2019-01-16,11,39,18,590.9,-2461.9,-2458.9,0.037001,9.825804,-0.12449849,2.6910827,0.4198564,-0.030490901,0.0031415927,-2.8687,0.0736,0.5117,358.3297,179.8561
2019-01-16,11,39,18,628.8,-2499.8,-2496.8,0.037899,9.825804,-0.12449849,2.6910827,0.4198564,-0.030490901,0.0031415927,-2.8686,0.0728,0.5116,358.6818,179.9968
2019-01-16,11,39,18,668.2,-2539.2,-2536.2,0.0394,9.825804,-0.12449849,2.6910827,0.4198564,-0.030490901,0.0031415927,-2.868,0.0726,0.511,358.5101,179.8947
2019-01-16,11,39,18,706.2,-2577.2,-2574.2,0.038,9.825804,-0.12449849,2.6910827,0.4198564,-0.030490901,0.0031415927,-2.8677,0.0723,0.5104,358.6299,179.6852
2019-01-16,11,39,18,743.6,-2614.6,-2611.6,0.037401,9.825804,-0.12449849,2.6910827,0.4198564,-0.030490901,0.0031415927,-2.8673,0.0718,0.5098,358.7039,179.5043
2019-01-16,11,39,18,782.6,-2653.6,-2650.6,0.038999,9.825804,-0.12449849,2.6910827,0.4198564,-0.030490901,0.0031415927,-2.8669,0.071,0.5092,359.1012,179.4407
2019-01-16,11,39,18,820.0,-2691.0,-2688.0,0.037401,9.825804,-0.12449849,2.6910827,0.4198564,-0.030490901,0.0031415927,-2.8667,0.0705,0.5086,359.169,179.5759
2019-01-16,11,39,18,863.4,-2734.4,-2731.4,0.043399,9.825804,-0.12449849,2.6910827,0.4198564,-0.030490901,0.0031415927,-2.8665,0.0697,0.5082,359.4612,179.7781
2019-01-16,11,39,18,899.9,-2770.9,-2767.9,0.0365,9.825804,-0.12449849,2.6910827,0.4198564,-0.030490901,0.0031415927,-2.8661,0.0689,0.5078,359.8102,179.965
2019-01-16,11,39,18,938.8,-2809.8,-2806.8,0.038901,9.825804,-0.12449849,2.6910827,0.4198564,-0.030490901,0.0031415927,-2.866,0.0693,0.507,359.5757,180.0154
2019-01-16,11,39,18,977.8,-2848.8,-2845.8,0.038999,9.825804,-0.12449849,2.6910827,0.4198564,-0.030490901,0.0031415927,-2.8659,0.0691,0.5064,359.6419,180.1483
2019-01-16,11,39,19,14.2,-2885.2,-2882.2,0.0364,9.825804,-0.12449849,2.6910827,0.4198564,-0.030490901,0.0031415927,-2.8656,0.0696,0.5053,359.2463,180.2655
2019-01-16,11,39,19,54.1,-2925.1,-2922.1,0.0399,9.825804,-0.12449849,2.6910827,0.4198564,-0.030490901,0.0031415927,-2.8651,0.0694,0.5039,359.2469,180.4169
2019-01-16,11,39,19,91.6,-2962.6,-2959.6,0.0375,9.825804,-0.12449849,2.6910827,0.4198564,-0.030490901,0.0031415927,-2.8646,0.0687,0.5031,359.5895,180.3932
2019-01-16,11,39,19,131.0,-3002.0,-2999.0,0.039401,9.825804,-0.12449849,2.6910827,0.4198564,-0.030490901,0.0031415927,-2.864,0.0685,0.5017,359.5515,180.3938
2019-01-16,11,39,19,172.5,-3043.5,-3040.5,0.041499,9.825804,-0.12449849,2.6910827,0.4198564,-0.030490901,0.0031415927,-2.8637,0.0686,0.5008,359.5223,180.2051
