date,hour,min,sec,x,y,z
2019-01-07,17,49,16.2582,0.0087,0.0756,0.0910
2019-01-07,17,49,16.2976,0.0089,0.0763,0.0936
2019-01-07,17,49,16.3360,0.0096,0.0760,0.0955
2019-01-07,17,49,16.3790,0.0104,0.0759,0.0984
2019-01-07,17,49,16.4254,0.0112,0.0767,0.1019
2019-01-07,17,49,16.4668,0.0112,0.0763,0.1033
2019-01-07,17,49,16.5103,0.0107,0.0761,0.1053
2019-01-07,17,49,16.5537,0.0102,0.0757,0.1061
2019-01-07,17,49,16.6006,0.0093,0.0755,0.1078
2019-01-07,17,49,16.6421,0.0083,0.0755,0.1097
2019-01-07,17,49,16.6810,0.0075,0.0755,0.1109
2019-01-07,17,49,16.7274,0.0067,0.0756,0.1127
2019-01-07,17,49,16.7718,0.0065,0.0757,0.1139
2019-01-07,17,49,16.8163,0.0059,0.0760,0.1156
2019-01-07,17,49,16.8557,0.0058,0.0763,0.1170
2019-01-07,17,49,16.8996,0.0057,0.0764,0.1189
2019-01-07,17,49,16.9436,0.0064,0.0765,0.1213
2019-01-07,17,49,16.9870,0.0075,0.0763,0.1231
2019-01-07,17,49,17.0264,0.0092,0.0760,0.1256
2019-01-07,17,49,17.0654,0.0106,0.0758,0.1274
2019-01-07,17,49,17.1103,0.0127,0.0762,0.1309
2019-01-07,17,49,17.1468,0.0144,0.0763,0.1339
2019-01-07,17,49,17.1862,0.0161,0.0757,0.1376
2019-01-07,17,49,17.2286,0.0187,0.0745,0.1435
2019-01-07,17,49,17.2721,0.0210,0.0728,0.1490
2019-01-07,17,49,17.3120,0.0240,0.0704,0.1570
2019-01-07,17,49,17.3504,0.0260,0.0700,0.1647
2019-01-07,17,49,17.3949,0.0282,0.0693,0.1761
2019-01-07,17,49,17.4378,0.0293,0.0672,0.1836
2019-01-07,17,49,17.4777,0.0306,0.0668,0.1952
2019-01-07,17,49,17.5182,0.0310,0.0678,0.2048
2019-01-07,17,49,17.5611,0.0312,0.0692,0.2190
2019-01-07,17,49,17.6005,0.0311,0.0697,0.2296
2019-01-07,17,49,17.6410,0.0304,0.0708,0.2448
2019-01-07,17,49,17.6804,0.0292,0.0721,0.2567
2019-01-07,17,49,17.7248,0.0275,0.0735,0.2736
2019-01-07,17,49,17.7658,0.0261,0.0744,0.2857
2019-01-07,17,49,17.8052,0.0243,0.0754,0.3047
2019-01-07,17,49,17.8492,0.0226,0.0749,0.3187
2019-01-07,17,49,17.8916,0.0199,0.0737,0.3405
2019-01-07,17,49,17.9355,0.0178,0.0728,0.3571
2019-01-07,17,49,17.9775,0.0142,0.0715,0.3814
2019-01-07,17,49,18.0254,0.0099,0.0700,0.4088
2019-01-07,17,49,18.0648,0.0068,0.0691,0.4285
2019-01-07,17,49,18.1057,0.0027,0.0680,0.4575
2019-01-07,17,49,18.1502,0.0003,0.0671,0.4776
2019-01-07,17,49,18.1886,-0.0033,0.0681,0.5095
2019-01-07,17,49,18.2266,-0.0046,0.0675,0.5308
2019-01-07,17,49,18.2650,-0.0049,0.0689,0.5524
2019-01-07,17,49,18.3039,-0.0048,0.0727,0.5732
2019-01-07,17,49,18.3439,-0.0051,0.0762,0.6043
2019-01-07,17,49,18.3798,-0.0050,0.0773,0.6265
2019-01-07,17,49,18.4208,-0.0052,0.0774,0.6478
2019-01-07,17,49,18.4572,-0.0052,0.0773,0.6802
2019-01-07,17,49,18.4941,-0.0048,0.0762,0.7036
2019-01-07,17,49,18.5356,-0.0043,0.0753,0.7268
2019-01-07,17,49,18.5730,-0.0033,0.0734,0.7611
2019-01-07,17,49,18.6120,-0.0024,0.0704,0.7861
2019-01-07,17,49,18.6524,-0.0013,0.0672,0.8103
2019-01-07,17,49,18.6893,0.0007,0.0630,0.8466
2019-01-07,17,49,18.7253,0.0028,0.0596,0.8735
2019-01-07,17,49,18.7667,0.0063,0.0569,0.9010
2019-01-07,17,49,18.8081,0.0103,0.0517,0.9393
2019-01-07,17,49,18.8356,0.0134,0.0502,0.9669
2019-01-07,17,49,18.8745,0.0165,0.0511,0.9940
2019-01-07,17,49,18.9140,0.0183,0.0559,1.0230
2019-01-07,17,49,18.9539,0.0213,0.0617,1.0635
2019-01-07,17,49,18.9934,0.0216,0.0658,1.0890
2019-01-07,17,49,19.0343,0.0220,0.0723,1.1167
2019-01-07,17,49,19.0722,0.0227,0.0803,1.1557
2019-01-07,17,49,19.1127,0.0228,0.0842,1.1839
2019-01-07,17,49,19.1491,0.0222,0.0862,1.2112
2019-01-07,17,49,19.1880,0.0216,0.0874,1.2495
2019-01-07,17,49,19.2285,0.0209,0.0845,1.2765
2019-01-07,17,49,19.2674,0.0200,0.0803,1.3018
2019-01-07,17,49,19.3079,0.0179,0.0748,1.3399
2019-01-07,17,49,19.3448,0.0153,0.0693,1.3680
2019-01-07,17,49,19.3897,0.0118,0.0621,1.4088
2019-01-07,17,49,19.4282,0.0088,0.0574,1.4375
2019-01-07,17,49,19.4716,0.0046,0.0506,1.4823
2019-01-07,17,49,19.5120,0.0015,0.0491,1.5119
2019-01-07,17,49,19.5480,-0.0005,0.0538,1.5411
2019-01-07,17,49,19.5869,-0.0034,0.0610,1.5831
2019-01-07,17,49,19.6284,-0.0037,0.0680,1.6144
2019-01-07,17,49,19.6678,-0.0031,0.0724,1.6590
2019-01-07,17,49,19.7112,-0.0019,0.0754,1.6873
2019-01-07,17,49,19.7522,-0.0013,0.0817,1.7180
2019-01-07,17,49,19.7936,-0.0012,0.0878,1.7613
2019-01-07,17,49,19.8340,-0.0019,0.0887,1.7927
2019-01-07,17,49,19.8710,-0.0028,0.0886,1.8361
2019-01-07,17,49,19.9169,-0.0035,0.0863,1.8671
2019-01-07,17,49,19.9563,-0.0043,0.0813,1.9117
2019-01-07,17,49,19.9943,-0.0044,0.0754,1.9410
2019-01-07,17,49,20.0377,-0.0042,0.0678,1.9867
2019-01-07,17,49,20.0767,-0.0049,0.0609,2.0175
2019-01-07,17,49,20.1136,-0.0051,0.0545,2.0503
2019-01-07,17,49,20.1525,-0.0054,0.0464,2.0955
2019-01-07,17,49,20.1930,-0.0064,0.0464,2.1248
2019-01-07,17,49,20.2324,-0.0075,0.0466,2.1560
2019-01-07,17,49,20.2713,-0.0086,0.0449,2.2002
2019-01-07,17,49,20.3128,-0.0133,0.0592,2.2296
2019-01-07,17,49,20.3537,-0.0183,0.0666,2.2726
2019-01-07,17,49,20.3947,-0.0215,0.0738,2.3003
2019-01-07,17,49,20.4336,-0.0245,0.0793,2.3298
2019-01-07,17,49,20.4750,-0.0284,0.0822,2.3699
2019-01-07,17,49,20.5170,-0.0312,0.0808,2.3986
2019-01-07,17,49,20.5534,-0.0356,0.0788,2.4399
2019-01-07,17,49,20.5933,-0.0388,0.0744,2.4681
2019-01-07,17,49,20.6338,-0.0423,0.0688,2.4969
2019-01-07,17,49,20.6707,-0.0470,0.0613,2.5380
2019-01-07,17,49,20.7097,-0.0504,0.0559,2.5683
2019-01-07,17,49,20.7506,-0.0536,0.0533,2.5978
2019-01-07,17,49,20.7875,-0.0589,0.0496,2.6409
2019-01-07,17,49,20.8315,-0.0630,0.0510,2.6719
2019-01-07,17,49,20.8729,-0.0674,0.0530,2.7165
2019-01-07,17,49,20.9128,-0.0692,0.0593,2.7464
2019-01-07,17,49,20.9553,-0.0714,0.0653,2.7906
2019-01-07,17,49,20.9962,-0.0720,0.0693,2.8200
2019-01-07,17,49,21.0371,-0.0732,0.0733,2.8603
2019-01-07,17,49,21.0786,-0.0744,0.0744,2.8883
2019-01-07,17,49,21.1220,-0.0761,0.0746,2.9281
2019-01-07,17,49,21.1590,-0.0770,0.0724,2.9553
2019-01-07,17,49,21.1984,-0.0771,0.0687,2.9837
2019-01-07,17,49,21.2383,-0.0768,0.0634,3.0245
2019-01-07,17,49,21.2773,-0.0756,0.0578,3.0550
2019-01-07,17,49,21.3182,-0.0740,0.0504,3.0979
2019-01-07,17,49,21.3591,-0.0721,0.0469,3.1274
2019-01-07,17,49,21.3996,-0.0701,0.0443,3.1583
2019-01-07,17,49,21.4385,-0.0671,0.0407,3.2011
2019-01-07,17,49,21.4790,-0.0651,0.0447,3.2306
2019-01-07,17,49,21.5184,-0.0635,0.0472,3.2738
2019-01-07,17,49,21.5593,-0.0626,0.0483,3.2983
2019-01-07,17,49,21.5958,-0.0623,0.0518,3.3228
2019-01-07,17,49,21.6367,-0.0630,0.0597,3.3559
2019-01-07,17,49,21.6766,-0.0644,0.0665,3.3788
2019-01-07,17,49,21.7161,-0.0657,0.0712,3.3996
2019-01-07,17,49,21.7590,-0.0678,0.0748,3.4303
2019-01-07,17,49,21.7989,-0.0697,0.0751,3.4510
2019-01-07,17,49,21.8414,-0.0723,0.0753,3.4807
2019-01-07,17,49,21.8773,-0.0743,0.0748,3.5013
2019-01-07,17,49,21.9213,-0.0774,0.0733,3.5295
2019-01-07,17,49,21.9607,-0.0802,0.0716,3.5478
2019-01-07,17,49,22.0041,-0.0847,0.0704,3.5779
2019-01-07,17,49,22.0451,-0.0884,0.0700,3.5966
2019-01-07,17,49,22.0855,-0.0939,0.0688,3.6248
2019-01-07,17,49,22.1279,-0.0980,0.0677,3.6423
2019-01-07,17,49,22.1684,-0.1033,0.0692,3.6684
2019-01-07,17,49,22.2083,-0.1061,0.0722,3.6838
2019-01-07,17,49,22.2497,-0.1088,0.0739,3.6998
2019-01-07,17,49,22.2902,-0.1107,0.0769,3.7212
2019-01-07,17,49,22.3286,-0.1113,0.0781,3.7335
2019-01-07,17,49,22.3735,-0.1106,0.0805,3.7509
2019-01-07,17,49,22.4101,-0.1085,0.0812,3.7602
2019-01-07,17,49,22.4564,-0.1052,0.0799,3.7728
2019-01-07,17,49,22.4944,-0.1022,0.0781,3.7777
2019-01-07,17,49,22.5353,-0.0974,0.0769,3.7842
2019-01-07,17,49,22.5802,-0.0943,0.0775,3.7866
2019-01-07,17,49,22.6207,-0.0891,0.0779,3.7904
2019-01-07,17,49,22.6621,-0.0855,0.0785,3.7914
2019-01-07,17,49,22.7040,-0.0794,0.0789,3.7926
2019-01-07,17,49,22.7480,-0.0726,0.0786,3.7932
2019-01-07,17,49,22.7884,-0.0677,0.0781,3.7927
2019-01-07,17,49,22.8313,-0.0631,0.0771,3.7923
2019-01-07,17,49,22.8708,-0.0560,0.0761,3.7915
2019-01-07,17,49,22.9097,-0.0511,0.0756,3.7924
2019-01-07,17,49,22.9506,-0.0461,0.0753,3.7938
2019-01-07,17,49,22.9876,-0.0380,0.0750,3.7950
2019-01-07,17,49,23.0270,-0.0317,0.0747,3.7967
2019-01-07,17,49,23.0650,-0.0255,0.0736,3.7990
2019-01-07,17,49,23.1029,-0.0167,0.0711,3.8015
2019-01-07,17,49,23.1418,-0.0102,0.0693,3.8037
2019-01-07,17,49,23.1813,-0.0036,0.0689,3.8064
2019-01-07,17,49,23.2197,0.0076,0.0680,3.8080
2019-01-07,17,49,23.2597,0.0165,0.0671,3.8086
2019-01-07,17,49,23.2986,0.0259,0.0674,3.8096
2019-01-07,17,49,23.3365,0.0404,0.0671,3.8106
2019-01-07,17,49,23.3755,0.0521,0.0670,3.8116
2019-01-07,17,49,23.4164,0.0637,0.0680,3.8126
2019-01-07,17,49,23.4558,0.0774,0.0723,3.8154
2019-01-07,17,49,23.4948,0.0917,0.0760,3.8176
2019-01-07,17,49,23.5347,0.1128,0.0785,3.8203
2019-01-07,17,49,23.5707,0.1284,0.0780,3.8213
2019-01-07,17,49,23.6156,0.1474,0.0735,3.8243
2019-01-07,17,49,23.6520,0.1727,0.0685,3.8257
2019-01-07,17,49,23.6905,0.1936,0.0641,3.8256
2019-01-07,17,49,23.7294,0.2149,0.0594,3.8253
2019-01-07,17,49,23.7718,0.2472,0.0533,3.8248
2019-01-07,17,49,23.8118,0.2725,0.0504,3.8246
2019-01-07,17,49,23.8482,0.2964,0.0498,3.8241
2019-01-07,17,49,23.8857,0.3341,0.0500,3.8234
2019-01-07,17,49,23.9251,0.3600,0.0501,3.8237
2019-01-07,17,49,23.9670,0.3961,0.0519,3.8243
2019-01-07,17,49,24.0045,0.4193,0.0576,3.8254
2019-01-07,17,49,24.0429,0.4429,0.0654,3.8264
2019-01-07,17,49,24.0829,0.4768,0.0737,3.8273
2019-01-07,17,49,24.1233,0.4994,0.0763,3.8286
2019-01-07,17,49,24.1597,0.5231,0.0774,3.8299
2019-01-07,17,49,24.2007,0.5566,0.0773,3.8316
2019-01-07,17,49,24.2401,0.5814,0.0771,3.8331
2019-01-07,17,49,24.2766,0.6063,0.0759,3.8343
2019-01-07,17,49,24.3180,0.6414,0.0704,3.8370
2019-01-07,17,49,24.3529,0.6660,0.0651,3.8391
2019-01-07,17,49,24.3929,0.6932,0.0600,3.8422
2019-01-07,17,49,24.4368,0.7321,0.0544,3.8484
2019-01-07,17,49,24.4747,0.7594,0.0527,3.8519
2019-01-07,17,49,24.5162,0.7891,0.0537,3.8551
2019-01-07,17,49,24.5556,0.8302,0.0562,3.8592
2019-01-07,17,49,24.5936,0.8595,0.0581,3.8611
2019-01-07,17,49,24.6350,0.9003,0.0652,3.8621
2019-01-07,17,49,24.6739,0.9275,0.0709,3.8617
2019-01-07,17,49,24.7164,0.9644,0.0792,3.8605
2019-01-07,17,49,24.7563,0.9894,0.0845,3.8594
2019-01-07,17,49,24.7942,1.0156,0.0867,3.8584
2019-01-07,17,49,24.8347,1.0516,0.0858,3.8566
2019-01-07,17,49,24.8701,1.0776,0.0838,3.8554
2019-01-07,17,49,24.9096,1.1026,0.0813,3.8535
2019-01-07,17,49,24.9465,1.1397,0.0776,3.8505
2019-01-07,17,49,24.9859,1.1653,0.0736,3.8479
2019-01-07,17,49,25.0249,1.1936,0.0689,3.8450
2019-01-07,17,49,25.0638,1.2198,0.0648,3.8423
2019-01-07,17,49,25.1038,1.2627,0.0571,3.8388
2019-01-07,17,49,25.1447,1.3099,0.0479,3.8340
2019-01-07,17,49,25.1851,1.3422,0.0439,3.8298
2019-01-07,17,49,25.2231,1.3763,0.0418,3.8248
2019-01-07,17,49,25.2600,1.4081,0.0416,3.8208
2019-01-07,17,49,25.2965,1.4531,0.0442,3.8148
2019-01-07,17,49,25.3324,1.4833,0.0499,3.8120
2019-01-07,17,49,25.3703,1.5164,0.0612,3.8096
2019-01-07,17,49,25.4083,1.5423,0.0659,3.8083
2019-01-07,17,49,25.4432,1.5669,0.0696,3.8075
2019-01-07,17,49,25.4802,1.6046,0.0772,3.8074
2019-01-07,17,49,25.5221,1.6303,0.0805,3.8079
2019-01-07,17,49,25.5570,1.6571,0.0826,3.8085
2019-01-07,17,49,25.5960,1.6819,0.0829,3.8092
2019-01-07,17,49,25.6329,1.7193,0.0829,3.8104
2019-01-07,17,49,25.6684,1.7447,0.0809,3.8115
2019-01-07,17,49,25.7048,1.7728,0.0784,3.8129
2019-01-07,17,49,25.7383,1.7983,0.0762,3.8148
2019-01-07,17,49,25.7752,1.8244,0.0744,3.8173
2019-01-07,17,49,25.8151,1.8494,0.0708,3.8195
2019-01-07,17,49,25.8491,1.8901,0.0644,3.8251
2019-01-07,17,49,25.8855,1.9180,0.0613,3.8285
2019-01-07,17,49,25.9255,1.9492,0.0629,3.8335
2019-01-07,17,49,25.9649,1.9767,0.0630,3.8374
2019-01-07,17,49,26.0008,2.0177,0.0609,3.8431
2019-01-07,17,49,26.0378,2.0453,0.0652,3.8456
2019-01-07,17,49,26.0757,2.0725,0.0687,3.8478
2019-01-07,17,49,26.1132,2.1111,0.0742,3.8497
2019-01-07,17,49,26.1481,2.1352,0.0766,3.8502
2019-01-07,17,49,26.1851,2.1606,0.0798,3.8506
2019-01-07,17,49,26.2210,2.1836,0.0831,3.8506
2019-01-07,17,49,26.2570,2.2064,0.0845,3.8505
2019-01-07,17,49,26.2929,2.2289,0.0847,3.8503
2019-01-07,17,49,26.3293,2.2633,0.0833,3.8499
2019-01-07,17,49,26.3653,2.2875,0.0803,3.8492
2019-01-07,17,49,26.3997,2.3117,0.0772,3.8478
2019-01-07,17,49,26.4367,2.3346,0.0736,3.8456
2019-01-07,17,49,26.4741,2.3570,0.0695,3.8431
2019-01-07,17,49,26.5165,2.3910,0.0635,3.8390
2019-01-07,17,49,26.5540,2.4144,0.0588,3.8355
2019-01-07,17,49,26.5964,2.4395,0.0527,3.8316
2019-01-07,17,49,26.6329,2.4718,0.0504,3.8265
2019-01-07,17,49,26.6763,2.4936,0.0500,3.8232
2019-01-07,17,49,26.7137,2.5129,0.0549,3.8207
2019-01-07,17,49,26.7537,2.5401,0.0614,3.8164
2019-01-07,17,49,26.7876,2.5573,0.0654,3.8141
2019-01-07,17,49,26.8241,2.5725,0.0688,3.8126
2019-01-07,17,49,26.8625,2.5864,0.0713,3.8117
2019-01-07,17,49,26.8994,2.6072,0.0736,3.8105
2019-01-07,17,49,26.9364,2.6200,0.0734,3.8101
2019-01-07,17,49,26.9718,2.6333,0.0733,3.8097
2019-01-07,17,49,27.0103,2.6448,0.0731,3.8106
2019-01-07,17,49,27.0487,2.6597,0.0733,3.8112
2019-01-07,17,49,27.0876,2.6693,0.0739,3.8124
2019-01-07,17,49,27.1251,2.6772,0.0744,3.8130
2019-01-07,17,49,27.1595,2.6855,0.0743,3.8152
2019-01-07,17,49,27.1930,2.6927,0.0737,3.8170
2019-01-07,17,49,27.2299,2.7030,0.0741,3.8190
2019-01-07,17,49,27.2684,2.7124,0.0752,3.8220
2019-01-07,17,49,27.3068,2.7191,0.0766,3.8232
2019-01-07,17,49,27.3442,2.7253,0.0775,3.8246
2019-01-07,17,49,27.3832,2.7350,0.0787,3.8263
2019-01-07,17,49,27.4201,2.7413,0.0781,3.8274
2019-01-07,17,49,27.4611,2.7468,0.0769,3.8285
2019-01-07,17,49,27.5000,2.7539,0.0766,3.8297
2019-01-07,17,49,27.5369,2.7579,0.0768,3.8303
2019-01-07,17,49,27.5759,2.7613,0.0769,3.8309
2019-01-07,17,49,27.6198,2.7648,0.0775,3.8327
2019-01-07,17,49,27.6562,2.7653,0.0768,3.8331
2019-01-07,17,49,27.6937,2.7659,0.0794,3.8338
2019-01-07,17,49,27.7341,2.7656,0.0806,3.8341
2019-01-07,17,49,27.7711,2.7649,0.0815,3.8351
2019-01-07,17,49,27.8115,2.7652,0.0855,3.8361
2019-01-07,17,49,27.8489,2.7646,0.0878,3.8376
2019-01-07,17,49,27.8874,2.7642,0.0892,3.8393
2019-01-07,17,49,27.9263,2.7638,0.0911,3.8406
2019-01-07,17,49,27.9653,2.7641,0.0944,3.8423
2019-01-07,17,49,28.0022,2.7657,0.0924,3.8446
2019-01-07,17,49,28.0421,2.7679,0.0897,3.8460
2019-01-07,17,49,28.0811,2.7688,0.0877,3.8464
2019-01-07,17,49,28.1200,2.7688,0.0864,3.8458
2019-01-07,17,49,28.1560,2.7702,0.0866,3.8440
2019-01-07,17,49,28.1944,2.7718,0.0861,3.8411
2019-01-07,17,49,28.2318,2.7739,0.0862,3.8363
2019-01-07,17,49,28.2703,2.7763,0.0860,3.8299
2019-01-07,17,49,28.3077,2.7785,0.0848,3.8241
2019-01-07,17,49,28.3532,2.7815,0.0837,3.8150
2019-01-07,17,49,28.3896,2.7835,0.0836,3.8066
2019-01-07,17,49,28.4325,2.7855,0.0837,3.7932
2019-01-07,17,49,28.4695,2.7861,0.0823,3.7830
2019-01-07,17,49,28.5139,2.7861,0.0806,3.7713
2019-01-07,17,49,28.5528,2.7862,0.0802,3.7531
2019-01-07,17,49,28.5933,2.7844,0.0817,3.7376
2019-01-07,17,49,28.6332,2.7817,0.0828,3.7152
2019-01-07,17,49,28.6707,2.7798,0.0826,3.6987
2019-01-07,17,49,28.7106,2.7764,0.0819,3.6725
2019-01-07,17,49,28.7525,2.7727,0.0804,3.6528
2019-01-07,17,49,28.7905,2.7686,0.0784,3.6313
2019-01-07,17,49,28.8334,2.7623,0.0760,3.5993
2019-01-07,17,49,28.8708,2.7577,0.0728,3.5735
2019-01-07,17,49,28.9088,2.7535,0.0693,3.5482
2019-01-07,17,49,28.9482,2.7482,0.0682,3.5110
2019-01-07,17,49,28.9896,2.7448,0.0703,3.4823
2019-01-07,17,49,29.0326,2.7402,0.0710,3.4430
2019-01-07,17,49,29.0705,2.7381,0.0689,3.4186
2019-01-07,17,49,29.1100,2.7361,0.0697,3.3947
2019-01-07,17,49,29.1514,2.7335,0.0758,3.3605
2019-01-07,17,49,29.1943,2.7305,0.0829,3.3377
2019-01-07,17,49,29.2338,2.7275,0.0895,3.3048
2019-01-07,17,49,29.2762,2.7255,0.0936,3.2813
2019-01-07,17,49,29.3131,2.7237,0.0963,3.2478
2019-01-07,17,49,29.3536,2.7231,0.0940,3.2245
2019-01-07,17,49,29.3925,2.7225,0.0897,3.2037
2019-01-07,17,49,29.4320,2.7229,0.0847,3.1714
2019-01-07,17,49,29.4734,2.7243,0.0798,3.1475
2019-01-07,17,49,29.5108,2.7268,0.0716,3.1117
2019-01-07,17,49,29.5508,2.7293,0.0662,3.0875
2019-01-07,17,49,29.5917,2.7319,0.0627,3.0604
2019-01-07,17,49,29.6311,2.7350,0.0578,3.0222
2019-01-07,17,49,29.6751,2.7382,0.0563,2.9936
2019-01-07,17,49,29.7125,2.7413,0.0613,2.9521
2019-01-07,17,49,29.7540,2.7430,0.0644,2.9236
2019-01-07,17,49,29.7929,2.7443,0.0672,2.8940
2019-01-07,17,49,29.8333,2.7456,0.0679,2.8555
2019-01-07,17,49,29.8758,2.7448,0.0739,2.8285
2019-01-07,17,49,29.9127,2.7457,0.0856,2.7888
2019-01-07,17,49,29.9536,2.7439,0.0911,2.7599
2019-01-07,17,49,29.9966,2.7438,0.0930,2.7205
2019-01-07,17,49,30.0385,2.7409,0.0923,2.6915
2019-01-07,17,49,30.0774,2.7398,0.0902,2.6629
2019-01-07,17,49,30.1159,2.7386,0.0863,2.6216
2019-01-07,17,49,30.1563,2.7372,0.0814,2.5912
2019-01-07,17,49,30.1983,2.7348,0.0737,2.5499
2019-01-07,17,49,30.2372,2.7327,0.0661,2.5209
2019-01-07,17,49,30.2816,2.7293,0.0604,2.4798
2019-01-07,17,49,30.3236,2.7271,0.0619,2.4500
2019-01-07,17,49,30.3630,2.7238,0.0621,2.4039
2019-01-07,17,49,30.4029,2.7226,0.0627,2.3738
2019-01-07,17,49,30.4464,2.7210,0.0645,2.3296
2019-01-07,17,49,30.4843,2.7203,0.0687,2.3003
2019-01-07,17,49,30.5222,2.7206,0.0705,2.2720
2019-01-07,17,49,30.5672,2.7215,0.0781,2.2316
2019-01-07,17,49,30.6046,2.7215,0.0847,2.2024
2019-01-07,17,49,30.6440,2.7209,0.0931,2.1607
2019-01-07,17,49,30.6860,2.7196,0.0958,2.1330
2019-01-07,17,49,30.7249,2.7180,0.0945,2.1048
2019-01-07,17,49,30.7629,2.7166,0.0924,2.0652
2019-01-07,17,49,30.8043,2.7163,0.0898,2.0356
2019-01-07,17,49,30.8482,2.7166,0.0857,1.9939
2019-01-07,17,49,30.8877,2.7180,0.0799,1.9634
2019-01-07,17,49,30.9276,2.7201,0.0726,1.9201
2019-01-07,17,49,30.9675,2.7228,0.0672,1.8901
2019-01-07,17,49,31.0080,2.7248,0.0647,1.8570
2019-01-07,17,49,31.0509,2.7292,0.0621,1.8126
2019-01-07,17,49,31.0923,2.7319,0.0672,1.7807
2019-01-07,17,49,31.1368,2.7357,0.0724,1.7326
2019-01-07,17,49,31.1752,2.7374,0.0754,1.7008
2019-01-07,17,49,31.2171,2.7387,0.0807,1.6579
2019-01-07,17,49,31.2561,2.7390,0.0884,1.6284
2019-01-07,17,49,31.2940,2.7395,0.0981,1.5864
2019-01-07,17,49,31.3390,2.7399,0.1000,1.5588
2019-01-07,17,49,31.3804,2.7385,0.1004,1.5148
2019-01-07,17,49,31.4173,2.7375,0.0968,1.4865
2019-01-07,17,49,31.4578,2.7358,0.0942,1.4562
2019-01-07,17,49,31.5002,2.7346,0.0894,1.4122
2019-01-07,17,49,31.5366,2.7337,0.0853,1.3803
2019-01-07,17,49,31.5771,2.7321,0.0774,1.3365
2019-01-07,17,49,31.6180,2.7297,0.0710,1.3076
2019-01-07,17,49,31.6560,2.7266,0.0666,1.2775
2019-01-07,17,49,31.6949,2.7225,0.0608,1.2347
2019-01-07,17,49,31.7353,2.7203,0.0605,1.2050
2019-01-07,17,49,31.7803,2.7184,0.0589,1.1636
2019-01-07,17,49,31.8172,2.7176,0.0657,1.1356
2019-01-07,17,49,31.8616,2.7169,0.0749,1.0940
2019-01-07,17,49,31.9021,2.7167,0.0811,1.0682
2019-01-07,17,49,31.9440,2.7161,0.0902,1.0285
2019-01-07,17,49,31.9869,2.7160,0.0952,0.9912
2019-01-07,17,49,32.0269,2.7160,0.0944,0.9657
2019-01-07,17,49,32.0723,2.7159,0.0915,0.9404
2019-01-07,17,49,32.1092,2.7162,0.0886,0.9042
2019-01-07,17,49,32.1542,2.7171,0.0849,0.8791
2019-01-07,17,49,32.1991,2.7194,0.0798,0.8403
2019-01-07,17,49,32.2410,2.7213,0.0767,0.8128
2019-01-07,17,49,32.2840,2.7246,0.0717,0.7755
2019-01-07,17,49,32.3224,2.7277,0.0687,0.7495
2019-01-07,17,49,32.3713,2.7317,0.0694,0.7117
2019-01-07,17,49,32.4133,2.7355,0.0735,0.6722
2019-01-07,17,49,32.4492,2.7379,0.0767,0.6469
2019-01-07,17,49,32.4916,2.7404,0.0797,0.6111
2019-01-07,17,49,32.5336,2.7405,0.0842,0.5897
2019-01-07,17,49,32.5730,2.7402,0.0897,0.5675
2019-01-07,17,49,32.6100,2.7399,0.0957,0.5374
2019-01-07,17,49,32.6519,2.7395,0.0976,0.5188
2019-01-07,17,49,32.6958,2.7390,0.0997,0.4902
2019-01-07,17,49,32.7378,2.7386,0.0994,0.4729
2019-01-07,17,49,32.7782,2.7373,0.0978,0.4472
2019-01-07,17,49,32.8166,2.7354,0.0969,0.4317
2019-01-07,17,49,32.8586,2.7320,0.0942,0.4100
2019-01-07,17,49,32.9045,2.7286,0.0907,0.3921
2019-01-07,17,49,32.9434,2.7266,0.0899,0.3812
2019-01-07,17,49,32.9819,2.7251,0.0912,0.3717
2019-01-07,17,49,33.0218,2.7242,0.0926,0.3632
2019-01-07,17,49,33.0583,2.7230,0.0944,0.3493
2019-01-07,17,49,33.1032,2.7227,0.0935,0.3410
2019-01-07,17,49,33.1416,2.7220,0.0944,0.3297
2019-01-07,17,49,33.1856,2.7216,0.0958,0.3237
2019-01-07,17,49,33.2235,2.7215,0.0960,0.3185
2019-01-07,17,49,33.2644,2.7222,0.0956,0.3122
2019-01-07,17,49,33.3044,2.7234,0.0954,0.3086
2019-01-07,17,49,33.3433,2.7254,0.0958,0.3050
2019-01-07,17,49,33.3827,2.7267,0.0962,0.3031
2019-01-07,17,49,33.4242,2.7286,0.0958,0.3010
2019-01-07,17,49,33.4636,2.7294,0.0964,0.2999
2019-01-07,17,49,33.5061,2.7304,0.0974,0.2986
2019-01-07,17,49,33.5430,2.7318,0.0978,0.2969
2019-01-07,17,49,33.5864,2.7328,0.0974,0.2956
2019-01-07,17,49,33.6259,2.7341,0.0974,0.2938
2019-01-07,17,49,33.6658,2.7347,0.0976,0.2914
2019-01-07,17,49,33.7122,2.7357,0.0962,0.2900
2019-01-07,17,49,33.7557,2.7366,0.0957,0.2888
2019-01-07,17,49,33.7976,2.7372,0.0960,0.2876
2019-01-07,17,49,33.8370,2.7376,0.0959,0.2869
2019-01-07,17,49,33.8810,2.7378,0.0952,0.2850
2019-01-07,17,49,33.9174,2.7379,0.0948,0.2839
2019-01-07,17,49,33.9648,2.7378,0.0948,0.2820
2019-01-07,17,49,34.0048,2.7378,0.0946,0.2810
2019-01-07,17,49,34.0497,2.7384,0.0950,0.2776
2019-01-07,17,49,34.0886,2.7387,0.0950,0.2763
2019-01-07,17,49,34.1316,2.7389,0.0949,0.2752
2019-01-07,17,49,34.1715,2.7391,0.0941,0.2751
2019-01-07,17,49,34.2179,2.7392,0.0938,0.2748
2019-01-07,17,49,34.2609,2.7393,0.0935,0.2744
2019-01-07,17,49,34.3013,2.7390,0.0940,0.2736
2019-01-07,17,49,34.3467,2.7387,0.0934,0.2735
