,Unnamed: 0,dt[s],sensor_dt[s],pos-sens_delta[ms],accel_x,accel_y,accel_z,gyro_x,gyro_y,gyro_z,pos_x,pos_y,pos_z,rot_x,rot_y,old_x,old_y,old_z,raw_pred_x,raw_pred_y,raw_pred_z,pred_x,pred_y,pred_z
0,0,0.0702,0.068,-0.002,-0.008358859330530401,-0.0338,0.019604577799391773,7.2699,356.4494,74.2291,0.25242827527152994,0.0473,-0.002036134435810898,5.6285,0.8854,0.00041827161345632996,-0.0016323639695999999,0.0009404479394499242,-0.005750560865031696,-0.023253048,0.013487165342869565,-0.00038901073301279956,-0.0016323639695999999,0.000952923983872698
1,1,0.1403,0.1501,0.01,0.023057255778095892,0.0342,0.03526943373494198,8.4095,355.7126,75.9291,0.2863013130714921,0.0466,0.0060048425074677725,5.394,1.4364,-0.0002224907966259121,-0.0016154230427999994,0.00360127715582678,0.010089312709404623,0.00024166800000000738,0.03771656093010001,0.00038430400836660415,-0.0016154230427999994,0.0035782949854007446
2,2,0.1953,0.2012,0.006,0.0793309794754141,-0.028,0.051279681117099615,8.6814,355.4763,76.3116,0.30701509629054835,0.0473,0.013315053499904392,5.5463,0.813,-0.003077873348916253,-0.002432191302799999,0.007236755303698384,0.05284871064665282,-0.014850331999999992,0.0653563090522167,0.003341694398495651,-0.002432191302799999,0.007131287099654366
3,3,0.255,0.2517,-0.003,0.037084252196371514,-0.0089,-0.00548891966018039,9.0536,355.3451,76.4522,0.3273683910835993,0.0479,0.020425144291671103,5.4044,0.7283,-0.007480705553971127,-0.0036296160529999985,0.0110030777053117,0.07454522323666195,-0.020057365999999993,0.062144961715831566,0.007838842790335677,-0.0036296160529999985,0.010784473681329784
4,4,0.305,0.3196,0.015,0.09832073102196263,0.027000000000000003,0.008227627319396106,9.516,355.3738,76.1544,0.3586726832147749,0.0474,0.03264362595536486,5.3494,0.9842,-0.013559084716806018,-0.003970984352999998,0.014416812698043182,0.12272238143742363,-0.006827365999999993,0.06617649910233565,0.014030891246117061,-0.003970984352999998,0.013987412295952326
5,5,0.3601,0.373,0.013,0.038993209423282486,-0.0158,-0.03965916815658183,10.0479,355.5599,75.6182,0.387588042684738,0.0461,0.0441184674236734,5.4751,1.0589,-0.021434317278499163,-0.004817268007999997,0.017029144915643953,0.14377793466180772,-0.015359049999999992,0.044761341481144606,0.02199728128155371,-0.004817268007999997,0.01630693753167678
6,6,0.4099,0.4237,0.014,0.09096247269478183,0.0222,0.02602976298876101,10.584,355.5026,75.8411,0.4199428413911454,0.043,0.05589373814955709,5.3619,0.9083,-0.030758703568163737,-0.005042591195599996,0.020039087172567388,0.18817125983576904,-0.004524561999999989,0.05746490701017953,0.03141239749326464,-0.005042591195599996,0.019019780835090393
7,7,0.47,0.4754,0.005,0.051592717788370115,0.0167,-0.028725623948133806,10.9511,355.7053,75.8889,0.4713004969709373,0.0391,0.07286433664658935,4.6115,0.7857,-0.04385940951832288,-0.004723375815199995,0.022655798182632,0.21855833875876327,0.005311404000000009,0.04054608901720769,0.044579933825876085,-0.004723375815199995,0.021276251493460706
8,8,0.5202,0.5422,0.022,0.09433976344336506,-0.0141,-0.013234010482462229,11.4588,355.8609,76.1965,0.5172817848634328,0.0376,0.08787670367339269,4.1622,0.8901,-0.057132742790746,-0.004804962461599995,0.024570805891620858,0.0,0.0,0.46498072147369385,0.04494254181110965,-0.004723375815199995,0.04461546706541674
9,9,0.5749,0.5963,0.021,0.10487864196188773,-0.0328,-0.02976979106796293,11.8808,356.2723,75.9433,0.5664386161489959,0.0377,0.1030152616616115,4.1666,0.946,-0.07468316893398216,-0.005855640061599993,0.025849555733472862,0.0,0.0,0.5161505937576294,0.04540867768701146,-0.004723375815199995,0.0728450563149959
10,10,0.6301,0.6616,0.031,0.11494344850668485,-0.0422,0.010714646302658979,12.4943,356.675,75.78399999999998,0.6139741786361043,0.045,0.1164770705680784,4.224,1.6804,-0.09579749159386017,-0.008176055523999994,0.027787357386003672,0.0,0.0,0.5195829272270203,0.04624972751851221,-0.004723375815199995,0.10151369964344019
11,11,0.6804,0.6616,-0.019,0.11494344850668485,-0.0422,0.010714646302658979,12.4943,356.675,75.78399999999998,0.6599485314931876,0.054000000000000006,0.13190168982990766,2.0323,1.3124,-0.11789165682788419,-0.011336836097999995,0.029760407737117165,0.0,0.0,0.5299000144004822,0.04686020201880996,-0.004723375815199995,0.12816067838885684
12,12,0.7301,0.7140000000000001,-0.016,0.11528993344644213,-0.0395,0.0333765073953963,13.0662,356.9301,76.1296,0.7057574393266616,0.0601,0.14562553634261285,1.7102,1.7207,-0.14247311762073928,-0.01541608536299999,0.0327568182931709,0.0,0.0,0.5648162364959717,0.04770311123634695,-0.004723375815199995,0.15621938731690055
13,13,0.7804,0.7803,-0.0,0.11438035031430699,0.0255,0.03986208050235726,13.8197,356.9297,76.9711,0.7475422756296438,0.0677,0.15775349804823266,1.7691,1.5226,-0.17017045648552417,-0.018912311606999993,0.03676675243730021,0.0,0.0,0.5960751175880432,0.04849978598813093,-0.004723375815199995,0.18619137953851003
14,14,0.8299,0.8462,0.016,0.12010247394592748,0.0034,0.032802526611037316,14.2416,356.8844,77.6187,0.7904691342922129,0.0717,0.16832396659810395,1.7251,1.1508,-0.2003198675942194,-0.022271289536999993,0.041381386467853186,0.0,0.0,0.6306943893432617,0.04912679269530949,-0.004723375815199995,0.21740445480637752
15,15,0.8803,0.8996,0.019,0.03859724532767315,0.2233,0.09202539134997152,14.4405,356.5373,78.313,0.8324092620222565,0.0728,0.17987237280795032,2.3974,0.8798,-0.23196486416913323,-0.020132606058599994,0.048239999714494705,0.0,0.0,0.6896998882293701,0.0496605390847226,-0.004723375815199995,0.25216123114615735
16,16,0.9302,0.8996,-0.031,0.03859724532767315,0.2233,0.09202539134997152,14.4405,356.5373,78.313,0.8914203949731065,0.0702,0.19609846869874026,4.2226,0.9068,-0.2641989156008311,-0.01256615119479998,0.05730557196581938,0.0,0.0,0.7704463601112366,0.0502689734024102,-0.004723375815199995,0.2906016896780291
17,17,0.9903,0.9651,-0.025,-0.0041900144672416565,0.0157,0.0025007556386631674,13.6902,356.2545,78.4032,0.9433095587139276,0.0606,0.21031271107314264,3.7815,0.7724,-0.30289789997674,-0.0028973023799999838,0.06821964279949332,0.0,0.0,0.8932929039001465,0.050992700500985956,-0.004723375815199995,0.34428371487385123
18,18,1.0399,1.0166,-0.023,-0.08980906983007331,-0.0045,0.0005753053598014969,13.0765,356.0412,77.8246,0.9971254973090528,0.0496,0.22390442741530125,1.6764,0.5714,-0.33270194395919095,0.0049738202248000365,0.07710710850823951,0.0,0.0,1.0040457248687744,0.05148934493483208,-0.004723375815199995,0.3940819063361948
19,19,1.09,1.0674,-0.023,-0.07140942762211784,0.0058,0.019999341156185933,12.3391,355.8730000000001,77.4271,1.0500013919823994,0.0365,0.2371407321297285,1.6592,359.4093,-0.36123093334715584,0.013066957792000048,0.08598179621423456,0.0,0.0,1.0604068040847778,0.05094163971927829,-0.004723375815199995,0.44720546386858795
20,20,1.1403,1.1193,-0.021,-0.06352201728418645,-0.1447,0.006790678916538308,11.5088,355.3243,77.3847,1.1041468603007458,0.0288,0.2498889971327373,1.5639,358.5255,-0.38843767163262344,0.017604583868200054,0.09465789347631393,0.0,0.0,1.0691112279891968,0.049557865989905844,-0.004723375815199995,0.5009639520283689
21,21,1.2001,1.2226,0.022,-0.006861789840928693,-0.1997,0.0012672174947213216,10.5265,354.381,76.2994,1.1564034475029843,0.0277,0.2638911074727837,2.2801,357.6928,-0.42069085591272215,0.01600069201500008,0.10455551521887424,0.0,0.0,1.0545529127120972,0.047019146053488725,-0.004723375815199995,0.5639750944129953
22,22,1.2501,1.274,0.024,-0.00481068226234719,-0.1706,-0.000978435573115633,9.6127,354.0341,73.8552,1.2084529794691412,0.0325,0.2786659584738613,1.7665,357.0488,-0.4476307734056828,0.010479945315000091,0.11250961753137995,0.0,0.0,0.9713819026947021,0.044518547542790284,-0.004723375815199995,0.6124797746953685
23,23,1.2999,1.274,-0.026,-0.00481068226234719,-0.1706,-0.000978435573115633,9.6127,354.0341,73.8552,1.2580289980251422,0.0389,0.2933991992624663,2.6756,357.0038,-0.4743511412350382,0.0008349523266000872,0.12039319070490953,0.0,0.0,0.9165066480636597,0.04213285115254311,-0.004723375815199995,0.6580594132772432
24,24,1.3553,1.3415,-0.014,0.05748410058474509,-0.1234,0.021925058265895418,9.275,353.4541,71.5156,1.3225042979733674,0.0548,0.31357407712049595,4.8805,356.2499,-0.505957452614526,-0.01360621475779987,0.12931635884767714,0.0,0.0,0.8851772546768188,0.038925473471105226,-0.004723375815199995,0.7069932317107696
25,25,1.4003,1.3938,-0.006999999999999999,0.0832567336015627,-0.0738,0.03276486395513372,9.0184,353.0944,68.4029,1.3741277076336742,0.0642,0.32916649755621324,4.265,356.1367,-0.5333370038929173,-0.026800965627799905,0.1370511032181677,0.0,0.0,0.8533276319503784,0.03633824374713692,-0.004723375815199995,0.745305717122731
26,26,1.4653,1.4604,-0.005,0.06279705712705158,0.1722,0.039188386241102366,9.3392,352.6755,65.3742,1.424210712770192,0.0634,0.3454849716422153,4.2927,355.3332,-0.5757615373675842,-0.03873010921779989,0.1490734858960183,0.0,0.0,0.8644528388977051,0.03176661549831449,-0.004723375815199995,0.801308866746394
27,27,1.5102,1.5128,0.003,-0.008125922189938132,0.3046,0.018735244555731608,9.0795,352.1968,62.8626,1.4767154675078444,0.0561,0.3620382411059476,4.0327,354.5712,-0.6050501488428716,-0.04095244342839989,0.15737138711995174,0.0,0.0,0.8895670771598816,0.0279877952479609,-0.004723375815199995,0.8410712720270254
28,28,1.5603,1.5797,0.019,-0.04337315474609105,0.1105,-0.03595079202704218,9.0549,351.8132,60.0949,1.5334702958811688,0.0448,0.3797303143681312,2.9814,354.8214,-0.6365476548919489,-0.04071406281879989,0.1659885012230293,0.0,0.0,0.9880626201629639,0.023519720163886246,-0.004723375815199995,0.8903711513224392
29,29,1.6202,1.6312,0.011,-0.05242362363213834,0.2,-0.057424939575727085,8.236,351.9362,55.945,1.6129913753761291,0.0241,0.4067319423923123,2.1822,354.4276,-0.6722455650344419,-0.03339655326839988,0.1742014581022426,0.0,0.0,1.0996863842010498,0.01712339623674507,-0.004723375815199995,0.9559310775620804
30,30,1.67,1.6818,0.012,-0.03828928545467662,-0.1109,-0.04256019994513994,7.677,352.2605,52.5593,1.6790740740519852,0.0089,0.4294080738021456,3.3895,355.7619,-0.7007527521456199,-0.030008237960399878,0.18075603591336187,0.0,0.0,1.219119668006897,0.012636684747388898,-0.004723375815199995,1.0164772229978267
31,31,1.7203,1.7333,0.013,-0.01475414356171013,-0.1823,-0.008301520810095433,7.3457,352.2411,50.2063,1.7433247322190275,0.0053,0.4542850295062074,5.3579,356.2574,-0.7291093433677037,-0.031106010410999866,0.18744366333188062,0.0,0.0,1.263566255569458,0.008488024208602014,-0.004723375815199995,1.079899060764532
32,32,1.7703,1.7981,0.028,0.012562112540031834,-0.2162,0.004504811708781507,7.3591,352.1871,48.9224,1.8013278312179752,0.0193,0.4785232329569226,3.0873,355.3036,-0.7577193386082043,-0.037494135510999865,0.1937060677727005,0.0,0.0,1.263559103012085,0.0033152730352881262,-0.004723375815199995,1.1428648980281684
33,33,1.8402,1.8502,0.01,0.10570619582909624,-0.212,0.07532542839799028,7.3766,352.0534,48.9268,1.8755830056790919,0.0406,0.5027680069453333,1.2599,355.7196,-0.8029680970537288,-0.05657590877679988,0.20597003504250003,0.0,0.0,1.2072639465332031,-0.0029832261543088568,-0.004723375815199995,1.2270172671858064
34,34,1.8902,1.903,0.013,0.07667493240968944,-0.1107,0.04766922214563141,7.3982,352.0924,48.5641,1.9224317685781096,0.0596,0.5195657274702036,3.4732,355.8997,-0.8372643774763464,-0.0729373958767999,0.2158748263252896,0.0,0.0,1.0229628086090088,-0.006640454603055701,-0.004723375815199995,1.2780344892737128
35,35,1.9403,1.9539,0.014,0.14834045842891455,-0.0436,0.018213961488360512,8.1939,351.7473,49.9997,1.9728752621406331,0.0736,0.5360843217568755,2.9899,356.1644,-0.8752537237068645,-0.09040408302379983,0.226161019254566,0.0,0.0,0.8887262344360352,-0.009618915995526833,-0.004723375815199995,1.3224599415360323
36,36,2.0003,2.004,0.004,-0.03527955158293475,0.4472,-0.05997460495999157,8.3839,351.581,50.8575,2.0266426554878736,0.0751,0.5525618037442153,2.8336,355.7873,-0.9194333060651824,-0.09554505522379979,0.2361613535598096,0.0,0.0,0.8520094156265259,-0.013374194706986992,-0.004723375815199995,1.373442389901502
37,37,2.05,2.0552,0.005,-0.0992359507838259,0.3892,-0.13695063370437568,7.6024,352.4459,47.2536,2.099978591133448,0.0702,0.5752144093998169,2.9926,355.7132,-0.9533961327979467,-0.09038217538839984,0.24127131662823953,0.0,0.0,0.8586608171463013,-0.01656414093475681,-0.004723375815199995,1.4159984428811738
38,38,2.1053,2.1067,0.001,-0.08573223866428004,0.2393,-0.009616821388116072,7.3883,352.4707,47.7844,2.1627808584741968,0.0565,0.5939057233413524,2.7915,355.4818,-0.988624358601754,-0.07746591343119971,0.24671947121420548,0.0,0.0,1.032536506652832,-0.021062179372900884,-0.004723375815199995,1.4729202677794324
39,39,2.1607,2.1571,-0.004,-0.11990942219609355,0.171,-0.011113526380001177,6.9394,352.8011,47.7021,2.2256348896239677,0.0422,0.61240385211763,1.4601,355.0481,-1.0203345909739323,-0.059382996433599816,0.2518884797936995,0.0,0.0,1.2580790519714355,-0.02707843284690144,-0.004723375815199995,1.5423577020594976
40,40,2.2103,2.2083,-0.002,-0.08796070543328821,0.0319,0.049314443114348384,6.56,352.8187,48.5242,2.288682105938995,0.0293,0.6309537447029282,359.9115,354.6441,-1.046756448158007,-0.0424241415919997,0.2576977399072113,0.0,0.0,1.4151489734649658,-0.033630238275047124,-0.004723375815199995,1.6122426428347028
41,41,2.2608,2.2599,-0.001,-0.02756183640458471,-0.3399,0.014769738454248576,6.1221,352.8748,49.2536,2.3517154521831984,0.0218,0.6503281417582781,359.8252,354.2677,-1.0730474853022354,-0.033652499348999686,0.2638716454672879,0.0,0.0,1.4513860940933228,-0.04095099307015694,-0.004723375815199995,1.6851711231743716
42,42,2.3302,2.3115,-0.019,0.0018597806504618434,-0.2977,-0.003849833234332069,5.971,352.9877,49.695,2.429204868881816,0.0269,0.6740936693078207,1.1845,353.6799,-1.1093305239097524,-0.03564954250619965,0.2717948026933131,0.0,0.0,1.3511607646942139,-0.05127353701776777,-0.004723375815199995,1.7783717801442995
43,43,2.3804,2.362,-0.018000000000000002,0.024577353108788672,-0.2775,0.029982723594862364,5.7122,353.1408,49.6203,2.481085239350086,0.0426,0.6902725802747235,0.1557,353.4562,-1.1362851827522016,-0.04394733835379957,0.27808991921478166,0.0,0.0,1.2281267642974854,-0.05829956252903276,-0.004723375815199995,1.8396220828151615
44,44,2.4301,2.4138,-0.016,0.03944902777478792,-0.1815,0.015436133182374759,5.5076,353.2741,50.0473,2.544537772864728,0.0644,0.7092416601304596,0.9464,354.8619,-1.1637950110100306,-0.056556035915399545,0.2852617536288672,0.0,0.0,1.031077265739441,-0.06288885008002501,-0.004723375815199995,1.8906607086839864
45,45,2.4854,2.4809,-0.004,0.10246034200418144,-0.0109,0.010165053683388707,5.1856,353.5634,49.7173,2.596464830343745,0.076,0.7240872218096559,0.2549,356.6573,-1.197222697610416,-0.07091209696759947,0.2943218535040086,0.0,0.0,0.9163861274719238,-0.06584367675738881,-0.004723375815199995,1.9412506431265408
46,46,2.5351,2.5319,-0.003,0.11072161292580188,0.0818,0.002129420369231808,6.6263,352.6946,54.1367,2.648102110074876,0.0771,0.7388551377753214,0.2401,357.654,-1.229799205715554,-0.08183425673779944,0.3029276197323947,0.0,0.0,0.7991005182266235,-0.06746938204585559,-0.004723375815199995,1.980932651635319
47,47,2.5904,2.5824,-0.008,0.04384387474325683,0.2591,-0.002124769986988132,7.5329,352.2963,55.9132,2.7027873819136614,0.0698,0.7526797912580724,359.8901,358.6682,-1.2671832751884353,-0.08622204143139939,0.3130489306006083,0.0,0.0,0.7707518339157104,-0.06846002457225457,-0.004723375815199995,2.0235437141388912
48,48,2.6403,2.6339,-0.006,-0.16100523617613027,0.528,-0.012289992834355872,7.1823,352.2315,55.3917,2.7579505398673176,0.0596,0.7654936901409258,359.6691,359.9373,-1.2967770758791863,-0.07729705477619933,0.32263119742893465,0.0,0.0,0.8324379920959473,-0.06850548120486032,-0.004723375815199995,2.0650823450723927
49,49,2.6903,2.7013,0.011,-0.11299464163757066,0.1828,0.013308304219433291,7.0049,352.2789,53.8337,2.8142039563715397,0.047,0.7769432810332886,359.5651,2.4306,-1.323204716354087,-0.06387558237619918,0.33372191940438245,0.0,0.0,1.0542867183685303,-0.06626990575367782,-0.004723375815199995,2.117749255117722
50,50,2.745,2.7532,0.008,-0.015318006498076334,-0.0685,0.06991779942850669,6.723,352.196,52.7764,2.873394902329964,0.0361,0.7882482320082782,358.4583,5.5184,-1.3507767726942916,-0.05120108158759911,0.3493923922438229,0.0,0.0,1.2089216709136963,-0.05991067806103274,-0.004723375815199995,2.1835707914395117
51,51,2.7901,2.8207,0.031,0.026209273416932192,-0.2879,0.02814238772663918,6.7028,351.9621,52.6119,2.9330466457712987,0.0281,0.7966743523734987,358.1743,9.6991,-1.3729279114109876,-0.04648978693799904,0.36457653668967416,0.0,0.0,1.307035207748413,-0.04997959880617084,-0.004723375815199995,2.2416754935900074
52,52,2.8504,2.8739,0.023,0.050233815345314806,-0.2982,0.06791563734408164,6.8366,351.7137,52.7917,2.9898283518754147,0.0257,0.8026750066633083,359.2384,12.4795,-1.4027497306296657,-0.05081661416159896,0.3890406371573968,0.0,0.0,1.3154964447021484,-0.03283835861257777,-0.004723375815199995,2.319125761312911
53,53,2.9003,2.8739,-0.026,0.050233815345314806,-0.2982,0.06791563734408164,6.8366,351.7137,52.7917,3.0612515161529332,0.033,0.8034883974590862,0.2698,15.9153,-1.426894893081733,-0.061673894883998895,0.41265787598148834,0.0,0.0,1.268388271331787,-0.015482520173641535,-0.004723375815199995,2.3799922125749258
54,54,2.9551,2.9398,-0.015,0.06847308932793479,-0.2003,0.08677906451379078,6.9146,351.4117,53.5965,3.1148434442954396,0.0445,0.7943475420303889,1.6068,20.2749,-1.4523680292489025,-0.0794921087463987,0.4436287995097154,0.0,0.0,1.1451295614242554,0.006262982111516453,-0.004723375815199995,2.4388571825121907
55,55,3.0102,2.9915,-0.019,0.05238954403508712,-0.0445,0.1128030836271583,6.851,350.9459,55.2078,3.1568978845686373,0.0562,0.7803552565377291,2.8518,23.4991,-1.4762798624774198,-0.09873187153619872,0.4798599128522557,0.0,0.0,1.031030535697937,0.028915011639994742,-0.004723375815199995,2.490955521716669
56,56,3.062,3.0568,-0.005,0.06474052036704403,0.0011,0.1053456454847772,6.8613,350.4376,56.912,3.2002685854975805,0.0574,0.7645415820459439,1.7133,27.5568,-1.4965207570387526,-0.11679041830539849,0.5186698675568955,0.0,0.0,0.9756361246109009,0.05229526889026852,-0.004723375815199995,2.5357600760381667
57,57,3.1203,3.1114,-0.009000000000000001,-0.010492858584895641,0.1676,0.12338861340787236,7.8274,349.5633,60.1756,3.258731388486289,0.0556,0.7383814852054609,1.8156,33.0793,-1.512456110420456,-0.1315323900883984,0.5675924465718816,0.0,0.0,0.9341890811920166,0.08202125657578332,-0.004723375815199995,2.5813956801525793
58,58,3.17,3.1783,0.008,-0.09058977710135284,0.3026,0.0931268612416805,8.5981,348.9134,62.65,3.3059492020015697,0.0369,0.7159375976893418,4.0999,36.2665,-1.5205994048596776,-0.1367747288921983,0.6105094960826437,0.0,0.0,0.9625025987625122,0.11031847743266743,-0.004723375815199995,2.619964922597463
59,59,3.2204,3.2451,0.025,-0.11572618317908158,0.1541,0.18577809485190028,9.0257,348.431,64.6413,3.3488277822471018,0.0338,0.6861193590403629,4.3596,39.0483,-1.5215847185027838,-0.13825480462499817,0.6561572461573267,0.0,0.0,1.0004544258117676,0.14208366075234108,-0.004723375815199995,2.6591241141335225
60,60,3.2703,3.2451,-0.025,-0.11572618317908158,0.1541,0.18577809485190028,9.0257,348.431,64.6413,3.3939349269285106,0.0267,0.656484151960094,3.0811,41.5635,-1.5154553519035758,-0.13595983376499804,0.7028698219953656,0.0,0.0,1.0941885709762573,0.17830802062748385,-0.004723375815199995,2.6999769819639643
61,61,3.3301,3.3127,-0.017,-0.1564737516490916,-0.0236,0.14659677706163393,7.2622,348.0981,66.2783,3.4397358062334233,0.017,0.6231007810263959,2.2454,44.2317,-1.4979990047514353,-0.1340366145761979,0.758303358078177,0.0,0.0,1.171623706817627,0.22718134999700731,-0.004723375815199995,2.7501789274554573
62,62,3.3703,3.3628,-0.006999999999999999,-0.021944271965841398,-0.3175,0.1004429137763794,6.8593,347.8862,66.8371,3.4847191161036952,0.0123,0.5892912877868476,2.3696,46.5494,-1.4833729030213565,-0.1377720566249978,0.795904688872118,0.0,0.0,1.126760482788086,0.26006461225615723,-0.004723375815199995,2.7813301388387903
63,63,3.4301,3.4138,-0.016,-0.008660053332093869,-0.2747,0.07211590307473997,6.4128,347.5679,66.9752,3.5405343008015127,0.0152,0.5417162401552528,2.0137,49.6812,-1.4564689620967193,-0.15295567321859768,0.8519706798602675,0.0,0.0,1.049487829208374,0.3079158760744233,-0.004723375815199995,2.8219379625709053
64,64,3.4854,3.4647,-0.021,-0.07707769812528698,0.0402,0.06279035317393218,5.5998,347.6343,65.8343,3.5775767117031188,0.0209,0.5012237742560689,1.7233,53.5047,-1.4253009806499266,-0.16579194483179754,0.9013054308824929,0.0,0.0,1.0366960763931274,0.35400321873382234,-0.004723375815199995,2.8560349519583674
65,65,3.5452,3.567,0.022,0.05250674639021476,-0.0971,-0.006636383315757828,3.5192,348.0892,61.7807,3.605119734654029,0.0345,0.4645011397274077,4.907,56.3512,-1.390202175558965,-0.18307564748619742,0.9543181028682975,0.0,0.0,0.9431742429733276,0.4009548912119667,-0.004723375815199995,2.887287243399772
66,66,3.5953,3.6181,0.023,0.05072819451213608,0.0096,0.01545607587775394,3.4604,348.2483,59.6225,3.632518117687567,0.0462,0.4248409757445449,3.604,59.7907,-1.358484341635269,-0.19731966465819734,0.9981572078296878,0.0,0.0,0.9125866889953613,0.44046631425953925,-0.004723375815199995,2.9102920273343913
67,67,3.6624,3.67,0.008,0.046277004849513234,0.1715,0.02627258689505335,3.7657,348.0801,58.2646,3.6708865783437514,0.0477,0.3689676258639904,3.8778,63.2495,-1.3124229508351362,-0.20882978058319718,1.0565471861498712,0.0,0.0,0.9233437776565552,0.49579180247267873,-0.004723375815199995,2.9381789745568483
68,68,3.7102,3.7213,0.011,-0.09072014670163,0.202,0.02445311805138015,3.3589,348.3843,56.3446,3.7114291189787965,0.0421,0.30498049904260777,4.3092,65.9823,-1.276337409803322,-0.21250616796919708,1.0948980528353203,0.0,0.0,0.9225478172302246,0.53607159143041,-0.004723375815199995,2.956127604085418
69,69,3.7701,3.7738,0.004,-0.07958339714680017,0.1312,0.035822938162226134,3.2694,348.906,53.2664,3.7424875020579673,0.0359,0.2481836959590939,4.2932,68.8014,-1.2266220233339369,-0.21249986924459696,1.1385212602868278,0.0,0.0,1.0095219612121582,0.5924500867411546,-0.004723375815199995,2.9779937964236125
70,70,3.82,3.8405,0.021,-0.08593521292836913,0.1773,0.003890909785109044,2.5232,349.8747,49.6037,3.772062321220644,0.0276,0.19305992548305573,2.4656,71.2618,-1.1829209254127449,-0.20816813008459684,1.171095016457074,0.0,0.0,1.0547574758529663,0.6422927734500398,-0.004723375815199995,2.994901661623391
71,71,3.8702,3.8929,0.023,-0.006708223235581425,-0.1275,-0.019397158065593157,2.1111,350.6795,46.4995,3.800483106190049,0.019,0.13876573627534322,1.445,74.2104,-1.1377455149717377,-0.20695913838459673,1.2012699531330153,0.0,0.0,1.0729178190231323,0.6941209522469622,-0.004723375815199995,3.0095573976189343
72,72,3.9251,3.8929,-0.032,-0.006708223235581425,-0.1275,-0.019397158065593157,2.1111,350.6795,46.4995,3.8248723866804086,0.0151,0.08908532769044382,2.2427,76.0287,-1.0878264698678497,-0.20940295972959663,1.2323551879352361,0.0,0.0,1.0945794582366943,0.7524356377835487,-0.004723375815199995,3.0240658593450322
73,73,3.975,3.9606,-0.014,0.08165109544420115,-0.2702,-0.03040310202531895,2.4866,350.7836,44.6258,3.849196033290924,0.0196,0.040422608740853856,3.4638,76.5767,-1.0433697991723745,-0.21821765770419654,1.2619398965593818,0.0,0.0,1.1017860174179077,0.805912815912537,-0.004723375815199995,3.0368289038426037
74,74,4.0303,4.0112,-0.019,0.04565696838297212,-0.1823,-0.004641253933613655,3.3968,350.3707,43.5292,3.86659783089208,0.0314,-0.01061245215112878,1.897,78.9743,-0.9931719571232113,-0.23344965095899659,1.2939528514265635,0.0,0.0,1.0729559659957886,0.8641520554570274,-0.004723375815199995,3.0481765778144294
75,75,4.0805,4.0623,-0.018000000000000002,0.006518985626892616,-0.028,0.05371762119078216,3.2107,350.1662,42.8291,3.8814882213448847,0.0415,-0.06232044256037812,3.3037,80.8281,-0.9454033254754003,-0.24796838431819634,1.321894520785152,0.0,0.0,1.0581377744674683,0.9165914280308374,-0.004723375815199995,3.0566435120689035
76,76,4.1352,4.1137,-0.022,0.01678059614435511,-0.0272,0.03203469358430098,2.4885,350.1401,41.4205,3.8998750250568532,0.0549,-0.13441826117687716,3.4413,82.7165,-0.8915082426048695,-0.2645861692697964,1.3512163355171947,0.0,0.0,1.0354684591293335,0.9727745232073328,-0.004723375815199995,3.0638242880749353
77,77,4.1852,4.181,-0.004,-0.01837326239030469,0.0561,-0.025318041573885904,2.3151,349.9932,40.0088,3.9150247324679,0.0558,-0.1928895906072881,3.4059,84.78299999999999,-0.8418863510264437,-0.2784016506697963,1.3757201728943338,0.0,0.0,1.0273853540420532,1.0239309918456942,-0.004723375815199995,3.0684951959848195
78,78,4.2304,4.2327,0.002,-0.02538115013947291,0.2041,-0.09034764644193856,2.5367,350.1499,38.1435,3.926798278372069,0.0523,-0.2453292093782368,4.707,86.4776,-0.7981669983789965,-0.28680439810819625,1.395917051890782,0.0,0.0,1.0305095911026,1.070422030814651,-0.004723375815199995,3.071356954018408
79,79,4.2803,4.2832,0.003,-0.08097149772237032,0.2998,0.07075391548597278,2.5715,350.3393,36.9066,3.940010559419125,0.0459,-0.2996609278264287,3.9674,87.3023,-0.7477680529175796,-0.2887651335785961,1.4156246215318047,0.0,0.0,1.033062219619751,1.121914706282567,-0.004723375815199995,3.073783215308863
80,80,4.3304,4.3338,0.003,0.01020101768733661,0.0244,0.06122645864446715,3.0021,349.4197,36.3904,3.9528988854543727,0.0344,-0.35780644400789496,3.043,88.3804,-0.6953054147896444,-0.290133534116996,1.4347489974683545,0.0,0.0,1.0590972900390625,1.174954282999081,-0.004723375815199995,3.075282903183579
81,81,4.3801,4.3844,0.004,-0.11546185134087825,0.0838,0.040289091388823015,2.5,349.3265,35.6201,3.966765647062737,0.0191,-0.42076264245170814,2.3291,88.7629,-0.6421007591153051,-0.2894624725901959,1.4505995613815494,0.0,0.0,1.1072940826416016,1.229973971559198,-0.004723375815199995,3.0764710436776057
82,82,4.4401,4.4399,-0.0,0.016097779861388474,-0.1927,-0.011008700356276192,1.6173,349.5029,34.2339,3.9806980425509457,0.0102,-0.484736530530831,1.5025,88.79,-0.5782610361360352,-0.2954507939501959,1.4702642701376767,0.0,0.0,1.1535288095474243,1.2991702668236287,-0.004723375815199995,3.077932581812256
83,83,4.4902,4.5013,0.011,-0.025095489112134228,-0.1834,-0.022253458747411657,0.9517,349.7874,32.8402,3.993903886475729,0.0101,-0.54445340993887,2.318,88.9675,-0.5254404351266682,-0.30496233345899576,1.4858920182282724,0.0,0.0,1.1615164279937744,1.3573527915113897,-0.004723375815199995,3.0789811749343494
84,84,4.5604,4.555,-0.005,-0.024519152177496582,-0.1009,-0.024790747800273488,0.6094,350.2634,31.2613,4.010799328824934,0.0214,-0.624508353745138,0.9,88.742,-0.45268606922306237,-0.3231628243493956,1.5068705545397174,0.0,0.0,1.1424338817596436,1.437532319792485,-0.004723375815199995,3.080741899003636
85,85,4.6103,4.6054,-0.005,0.06398938530479252,-0.1959,-0.025921584988476326,0.8722,350.3376,30.4481,4.0222780201829424,0.0331,-0.6781657823520658,2.8054,89.0821,-0.4015402286614893,-0.3408805813223955,1.5230265514091712,0.0,0.0,1.1255378723144531,1.4936894524164097,-0.004723375815199995,3.0816416344253974
86,86,4.6701,4.6568,-0.013,0.09298116357971267,-0.1238,-0.04061875452746809,1.1107,350.1649,29.5869,4.037454605324782,0.0527,-0.7483285307548511,3.8279,89.6964,-0.3414838993200634,-0.36645207923799544,1.5449805436885211,0.0,0.0,1.1198618412017822,1.5606562503795027,-0.004723375815199995,3.081996482728689
87,87,4.7402,4.7596,0.019,0.08462887478687779,0.2537,-0.03726625219024527,1.2649,349.1605,29.1405,4.0529030171716895,0.0608,-0.8303241194862473,1.4112,91.0694,-0.27220525155749065,-0.38421052597759536,1.5731299313881562,0.0,0.0,1.1053757667541504,1.6381295951510502,-0.004723375815199995,3.080550309596288
88,88,4.7904,4.8106,0.02,-0.02155464732563485,0.3823,0.022487489381153747,1.6996,349.2581,28.2606,4.061587956582013,0.0512,-0.8909417887538709,1.4573,92.4959,-0.22157532957550313,-0.38748627115519524,1.5914909531364274,0.0,0.0,1.0496925115585327,1.6907741700251977,-0.004723375815199995,3.078255572154522
89,89,4.8401,4.8613,0.021,-0.0262892395321865,0.0856,-0.10125431291959527,2.0341,349.7706,27.3118,4.069905472530919,0.0413,-0.9513473259871388,1.536,93.9826,-0.1734842644286049,-0.3886572802895951,1.607897862683862,0.0,0.0,1.0170232057571411,1.7411981641560936,-0.004723375815199995,3.07474497067681
90,90,4.8952,4.9134,0.018000000000000002,-0.044518724415975215,0.1345,-0.13367723507155005,2.9105,350.3483,26.0542,4.080731310482464,0.0305,-1.0354097506050788,359.6301,95.8281,-0.12370111129010566,-0.385953757023795,1.623447112995522,0.0,0.0,1.0271670818328857,1.7975025225066403,-0.004723375815199995,3.0689978824433912
91,91,4.9507,4.9636,0.013,-0.020461632378518068,-0.0373,-0.05113835742773111,2.9106,350.8934,25.2452,4.0889457967264695,0.0206,-1.1012263307027037,359.2097,97.6268,-0.07470166505982877,-0.38435656203979485,1.637120263043844,0.0,0.0,1.020340085029602,1.8536304338001564,-0.004723375815199995,3.061482097335792
92,92,5.0004,5.0141,0.014,0.01749205072838239,-0.1753,0.002719956123855143,2.9426,350.8151,24.869,4.09418943866321,0.0185,-1.1605920128704277,359.3572,99.0655,-0.03039755674977402,-0.38716974754079464,1.648666729354922,0.0,0.0,1.0240223407745361,1.903888621219087,-0.004723375815199995,3.0534630757805945
93,93,5.0553,5.0646,0.009000000000000001,0.10062703883823912,-0.3804,0.06723517721139367,3.0691,350.1064,25.2309,4.1004281068918855,0.0215,-1.2171028880957548,1.5876,99.5895,0.02110992671217564,-0.40151325851699443,1.6635730551638972,0.0,0.0,1.0091549158096313,1.9585170623675197,-0.004723375815199995,3.0442336638299694
94,94,5.1053,5.1159,0.011,0.04758918453326687,-0.1127,0.011716207383734469,2.8497,349.5302,25.4412,4.103277241456,0.0345,-1.272554961386441,359.746,101.693,0.06900427990040608,-0.4173377154169942,1.6765015295385899,0.0,0.0,0.9622570276260376,2.0056314555752506,-0.004723375815199995,3.0344827448626845
95,95,5.1601,5.1671,0.006999999999999999,0.06938941216174445,-0.0345,-0.038347352970544785,2.6227,349.6201,25.1696,4.099593617989266,0.0453,-1.321785855326683,1.2439,105.3666,0.12174945434455804,-0.4356966480033941,1.6895468861607899,0.0,0.0,0.8893201947212219,2.0526239371817936,-0.004723375815199995,3.021568326350096
96,96,5.2102,5.2181,0.008,0.10082918644002624,-0.0737,-0.03706649648729196,2.8129,349.5283,24.8687,4.092855067379464,0.0568,-1.3696612345489836,3.2335,107.6271,0.17028585747351427,-0.4542938804277941,1.702201970302562,0.0,0.0,0.7864695191383362,2.090176033687373,-0.004723375815199995,3.009636547867477
97,97,5.2644,5.2699,0.005,-0.0061466187826251005,0.198,-0.031152352680673737,2.8467,349.3541,24.6655,4.0822066243669015,0.0598,-1.4230359538588608,2.2925,109.4397,0.22229646614423962,-0.4687128453965939,1.7143565933956484,0.0,0.0,0.7462000846862793,2.1283144554478173,-0.004723375815199995,2.996176179060492
98,98,5.3201,5.3205,0.0,0.03527378153778272,0.1369,-0.053596738109933324,3.2681,348.9388,24.6939,4.064952125412798,0.0529,-1.5004391984022452,2.8459,111.9137,0.27512427400163786,-0.47936849657759373,1.7261318936063734,0.0,0.0,0.7430265545845032,2.166710731786793,-0.004723375815199995,2.980730309317957
99,99,5.3751,5.3724,-0.003,-0.03647858371379512,0.4053,0.04302467815377172,2.8228,348.6053,24.6853,4.048089438085204,0.041,-1.5607589279779963,3.0413,113.8497,0.3283805075915101,-0.47787511622759365,1.734485525978498,0.0,0.0,0.790611982345581,2.206481289729331,-0.004723375815199995,2.963148178517336
100,100,5.4247,5.4395,0.015,-0.1282128727404374,0.0672,0.16669609852556358,1.8499,347.3167,25.6826,4.029180719977299,0.0303,-1.617692840363462,2.4735,116.3315,0.37891996038847925,-0.4749081957059936,1.7353791336801596,0.0,0.0,0.8779211044311523,2.2455080767935782,-0.004723375815199995,2.94383323466274
101,101,5.485,5.4910000000000005,0.006,-0.16377639627755172,0.0703,0.13946365842877614,0.3028,347.3654,25.6363,4.000465880954279,0.0171,-1.6944398795238225,0.9505,119.4839,0.4417825206711174,-0.4687961860175934,1.7255589472233277,0.0,0.0,0.955036997795105,2.2956387233887736,-0.004723375815199995,2.915489272230815
102,102,5.5405,5.5417,0.001,-0.03964569833202935,-0.2757,0.025093995372712685,359.8143,347.7685,25.1142,3.973509019785392,0.0095,-1.7545655615234588,1.7837,122.9365,0.4989768157997272,-0.4714931087285932,1.711636197761836,0.0,0.0,1.03438401222229,2.3438200085166976,-0.004723375815199995,2.8842758435823095
103,103,5.5901,5.5935,0.003,0.0070599183890365435,-0.3277,0.02156194685876356,359.3929,348.3834,24.1678,3.946619152820349,0.0125,-1.8114639363210068,0.9625,124.7786,0.550188683935387,-0.48180403698139296,1.697400160331014,0.0,0.0,1.0829459428787231,2.387938761381717,-0.004723375815199995,2.853636943462893
104,104,5.6503,5.6604,0.01,-0.00508549644625989,-0.0823,0.04563888392473109,358.9666,348.3852,23.8044,3.9184883147628096,0.021,-1.8594808703149692,359.7515,126.9997,0.6128144990101447,-0.4972414436065927,1.6766060903313262,0.0,0.0,1.0707371234893799,2.439417711557964,-0.004723375815199995,2.8148451946624102
105,105,5.7001,5.7125,0.012,0.025817328375002103,-0.0598,0.032696109181022004,358.1173,348.4217,23.5168,3.8828958241754736,0.0355,-1.9109465347310663,3.0678,131.2029,0.6642323352809222,-0.5114653254829926,1.655602136128293,0.0,0.0,1.048898696899414,2.4787184794956354,-0.004723375815199995,2.7804364593120017
106,106,5.7551,5.7798,0.025,0.062353712773817585,0.0229,0.05977511608788609,357.8741,347.8179,23.7774,3.855680010546061,0.0501,-1.9484690544823984,2.0673,135.3491,0.7217536561974195,-0.5264955614729924,1.6283983832094293,0.0,0.0,1.0495824813842773,2.519288193313317,-0.004723375815199995,2.7393693305948825
107,107,5.8103,5.8311,0.021,0.028865187067232963,0.1625,0.053390083120123034,357.336,347.4104,24.025,3.8292729730787367,0.0561,-1.9836007833353797,2.0675,138.8322,0.7794170728887518,-0.5367280416665922,1.5970060142704092,0.0,0.0,1.0452098846435547,2.557267264644732,-0.004723375815199995,2.695936960843047
108,108,5.8651,5.8816,0.016,-0.07933197530169515,0.2912,-0.0396848547273545,357.2757,347.4999,23.7555,3.7983223677535785,0.0536,-2.016844128985393,2.7889,141.7424,0.8324500686541118,-0.5383164180225919,1.5624463517856164,0.0,0.0,1.0703376531600952,2.593586022420489,-0.004723375815199995,2.6498794033532533
109,109,5.9102,5.9333,0.023,-0.050362958037018235,0.1139,-0.1107071472749684,357.835,348.7635,21.9979,3.75058509365951,0.0517,-2.0716675059524112,3.5016,145.9577,0.8718199190737106,-0.5373532375273917,1.5321393669847592,0.0,0.0,1.0893343687057495,2.6210886616591895,-0.004723375815199995,2.6091699264030477
110,110,5.975,6.0007,0.026,-0.14442920570215456,0.3094,-0.00846962456338645,358.5913,349.8073,20.2322,3.7062219894197583,0.0447,-2.1093329407994017,2.6606,149.6028,0.9202012064678136,-0.5232373397929915,1.4823792041374646,0.0,0.0,1.0950490236282349,2.656993409960981,-0.004723375815199995,2.547964911806678
111,111,6.0302,6.0524,0.022,-0.08035985428210772,-0.0489,0.03872071564109334,358.30800000000005,350.5072,18.8303,3.6624726179397,0.0346,-2.1431069321995877,1.581,153.6661,0.9566700357440038,-0.5126728886761912,1.4350763973766854,0.0,0.0,1.1415753364562988,2.684946942269644,-0.004723375815199995,2.4914893858210947
112,112,6.0855,6.1025,0.017,-0.025156810937693324,-0.2398,0.028976281049250506,358.0179,350.8184,17.9765,3.5986615876516144,0.0234,-2.185465785035484,1.7576,158.6324,0.9885796528253773,-0.5092759328845909,1.383619583789573,0.0,0.0,1.2475401163101196,2.710083088534609,-0.004723375815199995,2.4272425811048226
113,113,6.1403,6.154,0.014,-0.04020780069812618,-0.2174,0.04264660318266583,357.5777,351.0728,16.8171,3.5501666698759125,0.0247,-2.2154384884492218,1.2234,161.2008,1.0171682262655146,-0.5123077277597907,1.329692789756108,0.0,0.0,1.3369351625442505,2.7336926091608795,-0.004723375815199995,2.3578868956489707
114,114,6.1954,6.2217,0.026,-0.007169420964763746,-0.1066,0.048393381810222826,357.1109,351.2464,15.6383,3.5093386016289525,0.0347,-2.241182785744382,2.562,162.4579,1.0449474104850367,-0.5185277789789906,1.2734160167606403,0.0,0.0,1.4533857107162476,2.757829709170614,-0.004723375815199995,2.2815294763655047
115,115,6.2502,6.273,0.023,0.016685497301147753,-0.0494,0.014616572095173037,356.6816,351.6314,14.1454,3.448130858771291,0.0473,-2.2681431680538067,1.5964,166.903,1.0687300783645535,-0.5261677959453904,1.2151650348942857,0.0,0.0,1.498034954071045,2.7764318532965193,-0.004723375815199995,2.20157255987109
116,116,6.3054,6.3235,0.018000000000000002,0.07337455837920373,-0.1065,0.05496357141468177,356.5397,351.557,13.2877,3.4039589480442345,0.0571,-2.2825671863122867,4.1713,169.9603,1.091966382274037,-0.5370437751069901,1.1540605091196166,0.0,0.0,1.3941484689712524,2.7898478051829283,-0.004723375815199995,2.125793991730749
117,117,6.3602,6.3743,0.014,0.01538025265280622,0.1035,0.02876069937146605,356.3044,351.0067,12.2686,3.3598526711970225,0.063,-2.298008894206076,3.1874,172.0571,1.1133646352620064,-0.5447949593533898,1.0918196268684066,0.0,0.0,1.3260278701782227,2.799889285017039,-0.004723375815199995,2.053824805241368
118,118,6.4106,6.4251,0.014,0.04683220792875309,0.2036,-0.07161930117306392,355.9895,350.7761,11.4333,3.3151252286415644,0.0624,-2.311132380116772,3.542,174.17700000000005,1.1318927550873923,-0.5468554552957896,1.0357793201846348,0.0,0.0,1.2332147359848022,2.806195162395088,-0.004723375815199995,1.991991493446723
119,119,6.4667,6.4761,0.009000000000000001,-0.055468397178657314,0.2947,-0.05378909661288914,356.1454,350.461,10.0098,3.2503892514110992,0.0545,-2.328788915791037,3.6976,175.9212,1.148783674240753,-0.5400596522047892,0.9743354075697696,0.0,0.0,1.2591474056243896,2.811219540713101,-0.004723375815199995,1.9215322385078186
120,120,6.5204,6.527,0.006999999999999999,0.006697571725893014,-0.0228,0.022914243015568256,356.21,349.9168,9.3554,3.1924526487028535,0.042,-2.344002398844792,3.3838,177.0759,1.1639855228739833,-0.5341989103513889,0.9145691705265516,0.0,0.0,1.3671678304672241,2.814964759231763,-0.004723375815199995,1.8482109156971518
121,121,6.5701,6.5783,0.008,-0.13207332173590275,0.1155,0.08760187033188684,355.676,349.9179,7.778,3.137710536256773,0.0282,-2.3587740312847334,3.1792,177.8927,1.174148115748552,-0.5259788279549887,0.8568231554773924,0.0,0.0,1.4515634775161743,2.8176175209307446,-0.004723375815199995,1.7761169997546444
122,122,6.6303,6.6306,0.0,-0.05575114222426314,-0.047,0.00483530150972859,355.2855,350.6823,5.5616,3.080463951697754,0.0167,-2.3746308454769682,1.7744,178.447,1.1838058348037706,-0.5176913412565884,0.7865361377487236,0.0,0.0,1.5044358968734741,2.82007203667888,-0.004723375815199995,1.685583225579205
123,123,6.6803,6.6809,0.001,-0.031408682160073684,-0.2255,-0.021874521365448648,355.2483,350.8642,4.287,3.02509051994688,0.0133,-2.389364584178713,2.963,178.5203,1.1909694099937944,-0.5163327966565882,0.7286638779989798,0.0,0.0,1.5476583242416382,2.8220702776355444,-0.004723375815199995,1.6082261137240874
124,124,6.7304,6.7324,0.002,0.010034746001425204,-0.26,-0.031268256630117404,355.3813,351.027,2.4609,2.9516334701381637,0.018000000000000002,-2.4077014823187985,3.5719,178.4557,1.1984387060381787,-0.521367040447388,0.6714595160111996,0.0,0.0,1.5550808906555176,2.8241699288842943,-0.004723375815199995,1.5303448588910455
125,125,6.7903,6.7828,-0.008,0.05492600642564696,-0.16899999999999998,0.022585478036335413,355.2734,350.9736,1.4264,2.892730941603629,0.0303,-2.4231737844176555,2.0531,178.7549,1.2089599226941676,-0.5333284886985877,0.6022677690459596,0.0,0.0,1.5408555269241333,2.8261754912021253,-0.004723375815199995,1.4380694052180447
126,126,6.8405,6.8333,-0.006999999999999999,0.07500230004848554,-0.1411,-0.018726051036909632,355.3442,351.2029,359.6214,2.845397357554329,0.0426,-2.4385484981076018,4.7841,179.6519,1.2187179459491784,-0.5468376020673873,0.5446234757662538,0.0,0.0,1.4238052368164062,2.8266097343979806,-0.004723375815199995,1.3665957014542611
127,127,6.8902,6.8854,-0.005,0.09668894412924303,-0.0032,-0.01156927323439636,355.4715,350.8767,358.8178,2.7969596448836382,0.0571,-2.4517343993370058,3.1735,180.2462,1.2301280286816796,-0.5602896245365871,0.4877261899382992,0.0,0.0,1.2448281049728394,2.826343888567385,-0.004723375815199995,1.3047283158078384
128,128,6.9454,6.9355,-0.01,0.07518483370405496,0.1767,-0.015157202277914025,355.1668,350.1707,357.9318,2.746376090288876,0.061,-2.4642529457605584,3.0001,180.5098,1.244758960707307,-0.5699538641173868,0.42490740463038923,0.0,0.0,1.1971310377120972,2.825755922535283,-0.004723375815199995,1.2386492983126969
129,129,6.9953,6.9859,-0.009000000000000001,0.04742672698850055,0.2115,-0.024769044534624942,354.7188,349.5543,357.5393,2.694253989407462,0.0569,-2.4775978548913007,3.7846,180.4317,1.2592243385322908,-0.5735291529099865,0.36873389418828967,0.0,0.0,1.1603748798370361,2.825319653719301,-0.004723375815199995,1.1807482353691439
130,130,7.0503,7.0372,-0.013,-0.045404319629293366,0.3104,-0.04498430569655339,354.7346,350.1813,355.6911,2.6213954419636183,0.0472,-2.4954638019519275,3.4730000000000003,180.9893,1.273242059601981,-0.5682680439799863,0.30802357411648873,0.0,0.0,1.1958481073379517,2.8241840612421445,-0.004723375815199995,1.1149863935869015
131,131,7.1002,7.0884,-0.012,-0.0027555913786415595,0.0404,-0.049603394199933086,355.5993,349.9191,354.4669,2.5582340465208606,0.0327,-2.5101102392567345,2.8986,182.2019,1.2847707848556362,-0.562508938573386,0.25389806854827457,0.0,0.0,1.3141127824783325,2.821664637382991,-0.004723375815199995,1.0494605829396946
132,132,7.1505,7.1401,-0.01,-0.08433139725959063,0.2009,-0.012140240370153698,355.7322,350.2274,353.4488,2.4957968464912503,0.0203,-2.5216638556802797,1.7615,183.2894,1.293284061887011,-0.5517223761993858,0.19954845664825993,0.0,0.0,1.3564382791519165,2.8177497120918007,-0.004723375815199995,0.9813441479902432
133,133,7.2103,7.1915,-0.019,-0.055170724317632584,-0.0732,0.015033002969060622,355.49300000000005,350.7537,352.0755,2.416569625716169,0.0103,-2.535852847478736,2.3253,184.478,1.3000940072186398,-0.5414638983697855,0.13436369431156148,0.0,0.0,1.4054546356201172,2.8111876966664173,-0.004723375815199995,0.8975545213165947
134,134,7.2705,7.2938,0.023,0.009094702079646385,-0.2863,-0.031623668257848826,355.2346,351.0801,350.4149,2.3604645656035967,0.0166,-2.5474697416318457,4.4465,184.2289,1.30763967779296,-0.5413049159489852,0.06986959541221807,0.0,0.0,1.4422725439071655,2.8047851283009626,-0.004723375815199995,0.8109661026118884
135,135,7.3206,7.2938,-0.027000000000000003,0.009094702079646385,-0.2863,-0.031623668257848826,355.2346,351.0801,350.4149,2.304150592017804,0.0321,-2.5567614787664503,2.0492,185.1812,1.3133195020708714,-0.5482150421159848,0.016853481050662672,0.0,0.0,1.4360610246658325,2.798287927576348,-0.004723375815199995,0.7393134133076271
136,136,7.3702,7.3610000000000015,-0.009000000000000001,0.08158220725466553,-0.2064,0.048673539623257295,354.9622,351.205,349.6285,2.2547926447052893,0.047,-2.559944721938918,3.9235,186.1628,1.31987220999568,-0.5600324197831845,-0.0371000313876567,0.0,0.0,1.3936816453933716,2.790866918648253,-0.004723375815199995,0.6705862950581953
137,137,7.4303,7.4137,-0.017,0.06618138057791571,-0.0668,0.05862665660602761,354.3382,351.2565,349.0733,2.20368216083463,0.0598,-2.56276933492252,2.6264,186.3191,1.32973373617134,-0.5767160262877842,-0.10481705809020342,0.0,0.0,1.2807508707046509,2.7823948213784098,-0.004723375815199995,0.594080831863005
138,138,7.4806,7.4799,-0.001,0.0125535860983294,0.0776,-0.0368049925427493,353.9439,351.2159,348.6424,2.132923630714969,0.0644,-2.5699268774690216,2.1356,186.7311,1.3379955625849562,-0.5887550949783839,-0.16068012164392154,0.0,0.0,1.0914658308029175,2.7759599170770417,-0.004723375815199995,0.5395585217253954
139,139,7.5401,7.5315,-0.009000000000000001,0.05404791565799166,0.1868,-0.056434323004946385,354.0485,350.7892,348.4894,2.0742738486009817,0.0551,-2.5759104431268707,2.4643,187.2639,1.3492612706882756,-0.5965152171873834,-0.22514355619505674,0.0,0.0,1.0883771181106567,2.767771884291682,-0.004723375815199995,0.4753198147051203
140,140,7.5904,7.582000000000002,-0.008,-0.1269088192521145,0.4479,0.04591820549666698,353.7716,351.475,347.7332,2.017961235339186,0.046,-2.580957183424077,1.8429,187.4451,1.355344973186452,-0.5919698273061831,-0.28039058423235075,0.0,0.0,1.0834708213806152,2.7607101681363995,-0.004723375815199995,0.4212806840742936
141,141,7.6406,7.6329,-0.008,-0.08062846242604155,0.1054,0.05324613644962802,353.0466,351.7646,347.1769,1.9408188014934664,0.0352,-2.5878582630757547,0.7907,187.2693,1.3594441120193765,-0.5848304742685827,-0.33656134955205513,0.0,0.0,1.146264672279358,2.753429137930804,-0.004723375815199995,0.3642007019674221
142,142,7.7002,7.683,-0.017,-0.10776032663507597,0.1155,0.042456236332272086,352.7794,352.1207,346.6475,1.8764492518981373,0.0267,-2.594132104394632,358.64,186.7262,1.3610441774233024,-0.5723335803597824,-0.4042294329488656,0.0,0.0,1.2615865468978882,2.744622452956678,-0.004723375815199995,0.2895276657263579
143,143,7.7504,7.7349,-0.016,-0.03195827477934396,-0.1996,-0.009391414862945207,352.7331,352.4748,345.9753,1.8138789258716992,0.0222,-2.602097925190082,358.7705,185.8027,1.3625485697326374,-0.5667370729173822,-0.4608853667469953,0.0,0.0,1.4208488464355469,2.737411105675644,-0.004723375815199995,0.21856653507878754
144,144,7.8054,7.7849,-0.02,0.03585406602898936,-0.3171,-0.02176180022858565,352.6826,352.5285,345.6955,1.7579753462837937,0.0263,-2.6098303109317995,358.5826,185.0918,1.3660827938345863,-0.5700058707573818,-0.5223851239105816,0.0,0.0,1.5525097846984863,2.7298327682401045,-0.004723375815199995,0.1335154571182099
145,145,7.8555,7.8354,-0.02,0.04643651066399157,-0.1549,0.016790785489458126,352.5301,352.4798,345.36300000000006,1.707015574955063,0.0351,-2.6201720567284963,357.3786,184.6042,1.370884186794907,-0.5767936938063817,-0.5788797653059882,0.0,0.0,1.5963470935821533,2.723412856002016,-0.004723375815199995,0.05379655372322992
146,146,7.9006,7.902,0.001,0.07109263872801594,-0.0624,0.01325166852467299,352.6842,352.7272,344.8081,1.6623860853062318,0.0437,-2.629024663897283,359.8335,184.9569,1.3762822444950424,-0.5841479272005814,-0.6301474706678247,0.0,0.0,1.5227550268173218,2.7174787921900148,-0.004723375815199995,-0.014622847293852284
147,147,7.9503,7.9539,0.004,0.0934496250934686,-0.0377,-0.012230190917976868,352.9622,352.6145,344.4963,1.6187913739246702,0.0566,-2.635943561176354,0.3415,184.8513,1.3846140548129091,-0.5931648592393812,-0.6865295086366983,0.0,0.0,1.3725494146347046,2.7117097883419987,-0.004723375815199995,-0.08259417306464355
148,148,8.0204,8.0043,-0.016,0.11864210703450348,0.0048,-0.05486255953210189,352.9493,352.024,344.702,1.5556969726857552,0.0629,-2.6473626912790733,0.0461,184.5066,1.402747394244398,-0.6056517512093809,-0.7637972023134494,0.0,0.0,1.1849682331085205,2.705182944658021,-0.004723375815199995,-0.1654036293184117
149,149,8.0751,8.0554,-0.02,0.028783362714840506,0.197,-0.01816942571535847,352.7630000000001,351.3307,344.8811,1.5050269791049111,0.0581,-2.6576267913622384,359.6913,184.0824,1.4182228756931377,-0.6096189168453805,-0.823512505819556,0.0,0.0,1.1368114948272705,2.700756029733719,-0.004723375815199995,-0.2274294395606234
150,150,8.1405,8.1602,0.02,-0.025493737860912,0.0207,-0.04472213467489116,353.9408,349.7708,345.2639,1.435036610761148,0.0431,-2.6715148559899795,0.4405,183.5069,1.436489806672,-0.61349444471978,-0.8927829837364398,0.0,0.0,1.11525559425354,2.69629452139622,-0.004723375815199995,-0.3002305751207111
151,151,8.1947,8.2125,0.018000000000000002,-0.10390057088648867,0.199,0.009119285578472669,354.2904,349.7921,344.8561,1.3803684275543224,0.0318,-2.683471433462858,1.3081,183.6512,1.4484819987297437,-0.6109772881029797,-0.9503000879537933,0.0,0.0,1.0707539319992065,2.6925987255356034,-0.004723375815199995,-0.35814764021951234
152,152,8.2407,8.2125,-0.028,-0.10390057088648867,0.199,0.009119285578472669,354.2904,349.7921,344.8561,1.3031650721293155,0.0208,-2.704054482583921,0.2628,184.4288,1.4558337172287676,-0.6047143327189791,-0.9992711376947179,0.0,0.0,1.1028395891189575,2.6886812972446767,-0.004723375815199995,-0.40872678288448616
153,153,8.3002,8.2765,-0.024,0.034742637874470066,-0.1807,-0.035000558760160345,354.3921,350.1414,344.2383,1.23847206543532,0.0185,-2.719939534830944,0.0159,185.5598,1.4654082195219362,-0.6028826231959786,-1.0616976534070233,0.0,0.0,1.1813011169433594,2.681871528875434,-0.004723375815199995,-0.4786835407218518
154,154,8.3505,8.3274,-0.023,0.06358171195490009,-0.2417,-0.018990942706567128,354.4645,350.1629,344.0294,1.1802697086465594,0.0259,-2.733774839823383,358.4511,185.8202,1.4748784870740705,-0.6073270589651782,-1.1141993244337949,0.0,0.0,1.2039475440979004,2.675730464254978,-0.004723375815199995,-0.5389299239528474
155,155,8.4107,8.431000000000001,0.02,0.09752323769812607,-0.1841,-0.02511489814581777,354.8768,349.3101,344.1014,1.1124755857118909,0.0421,-2.752768441259632,358.9573,186.9163,1.488554416774935,-0.6191846650051778,-1.1767712487124373,0.0,0.0,1.183532953262329,2.667150750321897,-0.004723375815199995,-0.6096601399154741
156,156,8.4702,8.4817,0.011,0.1233065222246321,0.0206,-0.017792177406554574,354.8566,349.1916,344.0539,1.0662765910736252,0.0584,-2.763490982675429,357.1149,187.1831,1.5061048604726184,-0.6301896862351772,-1.2386003488201383,0.0,0.0,1.0919097661972046,2.659027034143008,-0.004723375815199995,-0.6741188729234134
157,157,8.5204,8.5341,0.014,0.1611029580004641,0.0561,-0.020916188072894644,354.7792,348.7339,344.3309,1.0251036292931983,0.0717,-2.7701750845767696,358.0457,187.7036,1.5244496276584938,-0.6380891273119769,-1.2909192071406121,0.0,0.0,1.0195647478103638,2.6521661461984753,-0.004723375815199995,-0.7248390930535269
158,158,8.5705,8.5844,0.014,0.06820365452169898,0.1977,0.010510542796864936,354.6727,348.1729,344.7792,0.98462762069741,0.0803,-2.7779147698516153,357.76,187.3281,1.5447306554454647,-0.6411097884757765,-1.3434831548290684,0.0,0.0,0.9147212505340576,2.646320795780352,-0.004723375815199995,-0.7702923086795654
159,159,8.6304,8.6357,0.005,0.10267990698709,0.094,0.004322811714907741,354.2659,347.7278,345.3278,0.9298351047663072,0.0801,-2.788248220288902,357.3358,187.4273,1.5724305248427886,-0.6414160426799761,-1.4069884062221047,0.0,0.0,0.8253952860832214,2.6399296292618497,-0.004723375815199995,-0.8193186591107918
160,160,8.6902,8.687000000000001,-0.003,-0.06908944506875472,0.3959,-0.040046205564217,354.2361,347.5544,345.5764,0.8883275364643852,0.0726,-2.7952290349735414,358.0395,187.6745,1.5975982168920424,-0.6278473940955752,-1.4687921560705934,0.0,0.0,0.7855636477470398,2.633656119112013,-0.004723375815199995,-0.8658745823614348
161,161,8.7405,8.7376,-0.003,-0.06155993592425733,0.0434,-0.023327757907722985,354.5972,347.6721,345.5335,0.8440894939443436,0.0653,-2.8028379504018397,357.6814,187.5617,1.6174330186643746,-0.6153582021733747,-1.5199615667517614,0.0,0.0,0.7866644859313965,2.6284490557287308,-0.004723375815199995,-0.9050997012341767
162,162,8.7906,8.79,-0.001,-0.11777957541083148,0.003,0.0338705124857044,354.2899,348.5799,344.9924,0.7875684651224684,0.0547,-2.8113569468754123,356.6140000000001,187.8009,1.6339925819546468,-0.6028448747719745,-1.5714417598030608,0.0,0.0,0.8270495533943176,2.6228250113601006,-0.004723375815199995,-0.9461514306022712
163,163,8.8504,8.8404,-0.01,-0.07861362143081088,-0.0808,0.011339688070363795,354.0689,349.4672,344.3353,0.7394339023573481,0.0457,-2.8194922936664653,357.3568,186.8609,1.651980920873865,-0.5907404588483737,-1.6326220847651278,0.0,0.0,0.8856019973754883,2.6164985647830648,-0.004723375815199995,-0.9987311956808393
164,164,8.9054,8.8925,-0.013,-0.027501012492166133,-0.2433,-0.03066258814754101,353.9203,350.4726,343.4602,0.6952268185400905,0.041,-2.8260576375549427,357.6638,186.3715,1.6682960477725728,-0.5868202633383731,-1.6877543948206741,0.0,0.0,0.9401246309280396,2.6107604172884114,-0.004723375815199995,-1.0501186697032532
165,165,8.9603,8.9425,-0.018000000000000002,0.011368459786848351,-0.2818,-0.01538174639222777,353.8822,350.9279,342.9977,0.6523410721768537,0.0402,-2.8333042063200966,356.4608,185.7506,1.6855565390328164,-0.5912308060329725,-1.7421883522046828,0.0,0.0,0.9484926462173462,2.6055428573147603,-0.004723375815199995,-1.1019288607884876
166,166,9.0252,8.9967,-0.028,0.010638689662287345,-0.0675,-0.013817318201067106,353.4748,351.3628,342.5421,0.6011035349339221,0.0436,-2.8429956859429004,358.6405,184.4046,1.7079485911433754,-0.5992309708825718,-1.8055054269114832,0.0,0.0,0.9066710472106934,2.601023773027791,-0.004723375815199995,-1.1605980243700138
167,167,9.0806,9.0614,-0.019,0.1039142098750202,-0.1269,-0.047420849697683135,353.5093,352.0206,341.8295,0.5535744095690857,0.0594,-2.8510723338895207,356.9432,183.246,1.731353130227641,-0.6098769480033714,-1.8579096178238774,0.0,0.0,0.8406945466995239,2.598386582335935,-0.004723375815199995,-1.2070977793770652
168,168,9.1303,9.1122,-0.018000000000000002,0.14775128299828882,-0.0948,-0.07077060387166105,353.8211,350.9587,342.1843,0.5207001145353349,0.0649,-2.859363336605352,356.9964,182.8384,1.7563405746028087,-0.6217223933213709,-1.9032375614179688,0.0,0.0,0.7704107761383057,2.596490522445584,-0.004723375815199995,-1.245340220485032
169,169,9.1855,9.1633,-0.022,0.11569329474204895,0.0322,-0.02376618504786548,354.0035,350.7503,342.0645,0.4905248371037792,0.0693,-2.8622723969224717,357.3685,182.7972,1.7876146566589826,-0.6339171788669702,-1.9530214637481256,0.0,0.0,0.6968860626220703,2.5946132417599492,-0.004723375815199995,-1.2837624972880322
170,170,9.2403,9.2645,0.024,0.06373600755568057,0.08199999999999999,-0.007975671812595444,353.4872,348.7512,343.0065,0.4659556459389763,0.0715,-2.866785139492946,357.6475,182.19,1.821067467330886,-0.6436103534573697,-2.001949941622021,0.0,0.0,0.6301859617233276,2.5932935727710924,-0.004723375815199995,-1.3182714642565208
171,171,9.2904,9.3158,0.025,-0.09276551040481801,0.3061,-0.0803472468684124,354.2792,347.9003,343.2428,0.4447949353078337,0.0718,-2.8720410243456658,357.9451,181.8616,1.8496905882000012,-0.6449427013343692,-2.0444564966711862,0.0,0.0,0.6000657677650452,2.592316956622221,-0.004723375815199995,-1.3483188921839175
172,172,9.3405,9.3158,-0.025,-0.09276551040481801,0.3061,-0.0803472468684124,354.2792,347.9003,343.2428,0.4259783285642948,0.0711,-2.876772336072768,358.5479,182.1059,1.875924519941642,-0.6387455714135685,-2.0850258042714778,0.0,0.0,0.6123615503311157,2.591189595731705,-0.004723375815199995,-1.378977485510786
173,173,9.4053,9.4349,0.03,-0.042789882776041295,-0.0782,-0.03890033331492989,355.1376,348.6452,342.5475,0.40496969079907785,0.0689,-2.885300356901184,359.3192,181.8575,1.908374987420276,-0.6339480982295677,-2.135694076981138,0.0,0.0,0.6351564526557922,2.589855503571225,-0.004723375815199995,-1.420113996454326
174,174,9.4607,9.4349,-0.026,-0.042789882776041295,-0.0782,-0.03890033331492989,355.1376,348.6452,342.5475,0.3930925196099987,0.0678,-2.8915886638708943,359.8155,181.8816,1.9348519978025536,-0.6321986362551669,-2.1778123253306694,0.0,0.0,0.6880068778991699,2.588604008477843,-0.004723375815199995,-1.4582090260213656
175,175,9.5204,9.5019,-0.019,-0.06471281597395075,-0.0344,-0.0262431219316907,355.5119,349.4458,342.0429,0.3807980193876197,0.0665,-2.8990240699984646,0.4204,181.8456,1.9611829940091892,-0.6315149117367661,-2.2221928014328145,0.0,0.0,0.7578234672546387,2.587146932415408,-0.004723375815199995,-1.5034276174681687
176,176,9.5705,9.5537,-0.017,-0.055763385140241886,-0.0411,-0.03336967002685298,355.5202,350.1493,341.6351,0.3726223250412231,0.065,-2.903285293056966,0.7982,182.3756,1.9815979335467826,-0.6319521146973655,-2.2587625426129874,0.0,0.0,0.7813434600830078,2.585524353038826,-0.004723375815199995,-1.5425392822717154
177,177,9.6202,9.6075,-0.013,-0.03128720349921555,-0.0518,-0.010350405653822177,355.3596,350.9796,341.1697,0.3650192511551879,0.0645,-2.906978972453379,1.2394,182.8689,2.000792915656177,-0.6336397435031649,-2.2949251826440284,0.0,0.0,0.7322327494621277,2.583702904838778,-0.004723375815199995,-1.5788856388397015
178,178,9.6903,9.6731,-0.017,-0.04066978934105538,-0.0224,-0.061108331960168724,355.4497,352.446,340.3092,0.3554584437120642,0.066,-2.9110936973573693,1.1402,183.9792,2.0251236754733797,-0.637098804589764,-2.3433746476553585,0.0,0.0,0.6755824089050293,2.5804165057133677,-0.004723375815199995,-1.6261297993695378
179,179,9.7404,9.7236,-0.017,-0.052383009245946764,-0.0029,-0.04830362659613724,355.8577,352.8748,340.0457,0.3492922467317766,0.0659,-2.9151270600735515,0.7269,184.8314,2.040811906698319,-0.6396423068405632,-2.37696347498946,0.0,0.0,0.6454130411148071,2.5776931082602306,-0.004723375815199995,-1.658350100980963
180,180,9.7957,9.775,-0.021,-0.0925306173602188,0.0316,-0.023654700398372797,356.1273,353.7516,339.5615,0.3447422417516701,0.064,-2.9186238378304306,0.8167,184.9987,2.055319367452764,-0.6415027760217625,-2.413141127940317,0.0,0.0,0.6409138441085815,2.57460488885329,-0.004723375815199995,-1.693657837090459
181,181,9.8606,9.8422,-0.018000000000000002,-0.01172622756485845,-0.029,0.023671619866353757,355.6461,353.6797,339.7782,0.3403974337705073,0.0602,-2.9213409398908667,1.1419,185.2512,2.071586599218087,-0.6448832732033617,-2.4566024984015344,0.0,0.0,0.6636525988578796,2.570662919432433,-0.004723375815199995,-1.7365481220157635
182,182,9.9303,9.9615,0.031,-0.039929403455361084,0.0873,0.014561687391885531,354.8132,353.3611,340.1714,0.3410324695495777,0.0547,-2.9244836663440124,2.8795,185.2175,2.0871282274118332,-0.6443575014295607,-2.5037855127613295,0.0,0.0,0.6867457032203674,2.5663101249222304,-0.004723375815199995,-1.7842159721700663
183,183,9.9805,9.9615,-0.019,-0.039929403455361084,0.0873,0.014561687391885531,354.8132,353.3611,340.1714,0.34173635776962835,0.0519,-2.925951501952544,3.1506,185.6676,2.0970376599073193,-0.6418228300371601,-2.5381154757621585,0.0,0.0,0.7150575518608093,2.5627651530504343,-0.004723375815199995,-1.8199363869066367
184,184,10.0505,10.0813,0.031,-0.07666912661598227,-0.031,-0.014849411568896518,354.7783,353.0745,340.3095,0.341358780711663,0.0485,-2.928019698163085,3.7661,185.7547,2.107191208062992,-0.6397770476971593,-2.584928259449229,0.0,0.0,0.7359466552734375,2.5575996336076887,-0.004723375815199995,-1.8711930260667164
185,185,10.1005,10.0813,-0.019,-0.07666912661598227,-0.031,-0.014849411568896518,354.7783,353.0745,340.3095,0.34117946561722945,0.0472,-2.928895966442158,3.6106,185.849,2.1125571597133748,-0.6390752745971586,-2.6178245151514714,0.0,0.0,0.7551429867744446,2.5537519122642167,-0.004723375815199995,-1.9087536086853287
186,186,10.1504,10.1331,-0.017,-0.03940914238402955,-0.037000000000000005,-0.03799446665707107,354.8622,353.2339,340.0949,0.3405291994433373,0.0473,-2.9291737323563587,2.2816,186.2381,2.1168340757756643,-0.639277782669358,-2.6496644387152593,0.0,0.0,0.760744035243988,2.5496270404955124,-0.004723375815199995,-1.9464899654680554
187,187,10.2003,10.1835,-0.017,-0.026170881765595372,-0.043,-0.0333084816167178,354.7776,353.2365,339.9906,0.3412672649273081,0.0475,-2.9269054159451477,2.5404,186.3087,2.1205263126494027,-0.6405295809555573,-2.680631557973088,0.0,0.0,0.7606977820396423,2.5454559266576244,-0.004723375815199995,-1.9842189168688917
188,188,10.2555,10.2344,-0.021,-0.008600687410541713,0.0259,-0.03667571643562194,354.5681,353.0898,339.8906,0.3399080337350912,0.046,-2.9268555103732647,2.3504,186.1415,2.124572474804724,-0.6411409360803566,-2.7137593411616527,0.0,0.0,0.7450065612792969,2.541056267450539,-0.004723375815199995,-2.0251072546168185
189,189,10.3103,10.2846,-0.026,-0.02090882662145228,0.0241,-0.005809558443982522,354.4254,352.9426,339.8475,0.340932658405813,0.0428,-2.9272021287284464,3.0314,186.4099,2.1278428040360047,-0.6410386031083559,-2.7464269212870787,0.0,0.0,0.7262402772903442,2.536613196869951,-0.004723375815199995,-2.064656430546424
190,190,10.3607,10.3365,-0.024,-0.0007241954131465433,0.0111,-0.003092820881263173,354.5362,352.6326,339.7853,0.3422156042084967,0.0404,-2.9227172597150437,3.517,186.6297,2.1307262535478544,-0.6406681680475553,-2.776404316483036,0.0,0.0,0.7109630703926086,2.5324762563667593,-0.004723375815199995,-2.1002493590067903
191,191,10.4156,10.438,0.022,-0.0714660371471196,0.0307,0.056529421848153724,354.7458,353.2988,339.0180000000001,0.34232420862481155,0.0379,-2.92196346592311,3.6494,186.4648,2.1316756304645934,-0.6393578633791547,-2.81047052523486,0.0,0.0,0.6994648575782776,2.5281526235111085,-0.004723375815199995,-2.138405798405917
192,192,10.4653,10.4903,0.025,0.04136332863082067,-0.0337,-0.060868424035609235,355.01,353.0347,339.0147,0.3423431554939097,0.0358,-2.9216478062707134,3.8376,186.4917,2.1336820483000922,-0.638987439637354,-2.8399596784570624,0.0,0.0,0.7034996747970581,2.5241996262748323,-0.004723375815199995,-2.1731455520353977
193,193,10.5207,10.5408,0.02,0.010515655343694004,-0.0634,-0.14781502289244025,355.4009,352.7793,339.0133,0.3439316073524425,0.0365,-2.9194622123713065,3.8491,186.9137,2.1365255788351765,-0.6404814631809534,-2.8684709236312727,0.0,0.0,0.6892661452293396,2.519603095461827,-0.004723375815199995,-2.2110532350946706
194,194,10.5705,10.5919,0.021,0.026530045616158238,-0.0432,-0.05148792751320025,355.8882,352.242,339.0731,0.34422138510032924,0.0377,-2.919384566657776,3.1112,186.4223,2.140082114885447,-0.6428744160285528,-2.892905895367209,0.0,0.0,0.6581743359565735,2.5159367918022366,-0.004723375815199995,-2.2436246231118147
195,195,10.6204,10.6428,0.022,-0.009264556824410191,0.0107,-0.07940345072380214,356.0541,352.2331,338.9439,0.34479400556069056,0.0388,-2.918817022995688,2.3939,186.0915,2.14376790663829,-0.6450110715537521,-2.9154182895739384,0.0,0.0,0.6311511397361755,2.512594710060893,-0.004723375815199995,-2.274941237847696
196,196,10.6705,10.6943,0.024,0.025458004939256797,0.0121,-0.08148760632459869,356.3762,351.911,338.9775,0.3460238272303561,0.0397,-2.9183839656544266,2.3524,186.0218,2.148329006891805,-0.6468586538427515,-2.9360887102601287,0.0,0.0,0.6061550974845886,2.5094088598886053,-0.004723375815199995,-2.3051420371493405
197,197,10.7254,10.6943,-0.031,0.025458004939256797,0.0121,-0.08148760632459869,356.3762,351.911,338.9775,0.34710715074551035,0.0394,-2.919336021409891,2.3474,185.8323,2.154394639522045,-0.6485258486979508,-2.9564048236169738,0.0,0.0,0.5857215523719788,2.5061412477420917,-0.004723375815199995,-2.3371316968632736
198,198,10.7708,10.7616,-0.009000000000000001,-0.026595376916600005,0.046,-0.07152038818871148,356.7138,351.6456,339.05300000000005,0.34875615968561385,0.0393,-2.9193082812682434,2.3545,185.5483,2.1590988619758877,-0.6489753780691503,-2.9716904903587946,0.0,0.0,0.5527356266975403,2.5037150194919087,-0.004723375815199995,-2.3621083291871354
199,199,10.8304,10.8137,-0.017,-0.0009375186075211123,0.0542,-0.11009401009528426,357.4541,351.619,338.9565,0.3498704419035523,0.0399,-2.9192167654838883,2.2086,185.3499,-0.0,0.0,0.0,0.0,0.0,0.5192663073539734,2.5008294723088262,-0.004723375815199995,-2.3929217865099193
