date,hour,minute,sec,milli_sec,accel_dt[ms],gyro_dt[ms],pos_x,pos_y,pos_z,accel_x,accel_y,accel_z,gyro_x,gyro_y,gyro_z
2019-01-08,15,31,22,605.0,1.0,2.0,0.0013,0.0719,0.0811,11.109096000000001,-0.05746084,0.93852705,0.06899287,-0.014870205,-0.022759092999999998
2019-01-08,15,31,22,645.4,9.6,1.6,0.003,0.0716,0.0836,10.955867,-0.38307226,3.1316159,-0.053459436,0.13322099,-0.028902652
2019-01-08,15,31,22,689.8,5.1,7.1,0.0039,0.0718,0.0845,9.471461999999999,0.019153614,0.35434186,-0.13238323,0.23945917,-0.047193702000000004
2019-01-08,15,31,22,738.3,6.7,8.7,0.0048,0.0715,0.0848,7.632714999999999,0.095768064,0.8523358,0.06948156,0.12709488,-0.0983493
2019-01-08,15,31,22,784.2,1.8,3.8,0.0054,0.0714,0.0847,7.268796400000001,-0.047884032,0.545878,0.07595673,0.18928096,-0.092310466
2019-01-08,15,31,22,824.6,1.4,3.4,0.0057,0.0714,0.0843,7.6518690000000005,-0.51714754,1.9345150000000002,0.05099852,0.18367845,-0.06707300000000001
2019-01-08,15,31,22,868.1,7.9,9.9,0.0058,0.072,0.0843,7.345411,-0.30645782,1.7621324,0.10067059,0.009128072,-0.007557275699999999
2019-01-08,15,31,22,913.5,1.5,3.5,0.0061,0.0718,0.084,7.517792999999999,0.4213795,0.78529817,-0.11965977400000001,0.13350023,0.07707374
2019-01-08,15,31,22,956.9,0.1,3.1,0.006,0.0721,0.0844,10.1226845,0.58418524,-1.5227122,-0.12110839999999998,0.10349803,0.039531708
2019-01-08,15,31,22,999.9,5.1,7.1,0.006,0.0715,0.0847,11.903971,0.60333884,2.0398598000000003,0.37330848,-0.4437325,-0.013613568000000001
2019-01-08,15,31,23,42.8,3.2,5.2,0.0059,0.0708,0.085,13.311762,0.1436521,1.3024458,0.19404571,-0.18730873,-0.093636915
2019-01-08,15,31,23,88.2,7.8,9.8,0.0056,0.0715,0.0856,13.417107000000001,-1.4939818,0.63206923,0.16029103,-0.24296728,-0.032410762999999995
2019-01-08,15,31,23,129.2,5.8,0.8,0.0055,0.0712,0.0857,10.898406,0.06703765,1.9919758,0.03965388,-0.20364502,0.016528267
2019-01-08,15,31,23,174.6,0.4,4.4,0.0061,0.0724,0.0868,10.955867,0.62249243,2.7868507,-0.08477064,-0.10623819400000001,0.032253683
2019-01-08,15,31,23,220.5,4.5,9.5,0.0078,0.0722,0.0877,8.6574335,0.6895300999999999,1.484405,-0.1775349,0.06921976,-0.027209682000000002
2019-01-08,15,31,23,265.4,10.6,1.6,0.0097,0.0728,0.0892,7.3071036,0.1436521,2.384625,-0.23329817,0.18671532,-0.066305056
2019-01-08,15,31,23,311.4,3.6,6.6,0.0111,0.0717,0.0893,8.255207,-0.4309563,2.2122424,-0.44947463,0.5074894,-0.048781954
2019-01-08,15,31,23,354.8,1.2,2.2,0.0117,0.0719,0.0895,7.125144500000001,0.4213795,0.33518824,-0.40160027,0.40109409999999995,0.016720254
2019-01-08,15,31,23,399.7,5.3,7.2,0.0125,0.0726,0.0903,8.734048,-0.4309563,2.0302830000000003,-0.36981782,0.35035738,0.013055063
2019-01-08,15,31,23,442.7,2.3,4.3,0.0125,0.0727,0.091,8.37013,0.35434186,0.4309563,-0.27768190000000004,0.35318482,-0.020123646000000002
2019-01-08,15,31,23,485.6,11.4,1.4,0.0125,0.0722,0.0918,12.670115,-0.8810662,1.9728221999999997,-0.107948616,0.22942352,-0.06658431
2019-01-08,15,31,23,533.0,3.0,4.0,0.0125,0.0714,0.0926,12.583924,-0.24899697,-0.80445176,0.23848179,-0.22390829,0.050562188
2019-01-08,15,31,23,580.4,6.6,8.6,0.0126,0.0705,0.0932,12.363658000000001,0.22984336,3.5529952000000007,0.25137976,-0.24082053,0.16875589
2019-01-08,15,31,23,624.9,1.1,2.1,0.0127,0.0706,0.0938,11.932701,1.0055646999999999,1.8100165000000001,0.13283701,-0.11995648,0.0927817
2019-01-08,15,31,23,670.3,4.7,7.7,0.0133,0.0709,0.0949,11.540052000000001,0.6799533,2.1068976000000004,0.13076007,-0.15397294,-0.06295402
2019-01-08,15,31,23,714.2,0.8,2.8,0.0137,0.0709,0.0956,11.999739,0.5267244000000001,4.7884035,0.079063416,-0.042202063,-0.10554006
2019-01-08,15,31,23,755.7,0.3,2.3,0.0144,0.0706,0.0968,7.105990400000001,1.8674773,-1.340753,-0.005742133000000001,0.17128661,-0.24909338
2019-01-08,15,31,23,801.1,4.9,6.9,0.0149,0.0707,0.0981,8.7053175,-0.9768343,4.462791999999999,0.07695156,0.0853466,-0.19666370000000002
2019-01-08,15,31,23,846.5,8.5,1.5,0.0157,0.0707,0.1,7.3645644,-0.641646,0.0,-0.01452114,0.19694296,-0.13936454
2019-01-08,15,31,23,892.5,5.5,7.5,0.0165,0.0706,0.1017,7.565677,0.12449849,0.8619126,-0.14749777,0.28663543,-0.11819369
2019-01-08,15,31,23,938.9,7.1,8.1,0.0178,0.0702,0.1042,8.111555000000001,-0.038307227,1.1204863999999999,0.059655353,-0.033108898,-0.009808751
2019-01-08,15,31,23,978.8,6.2,2.2,0.0193,0.0696,0.1072,9.375694000000001,1.1109096,0.39264908,0.09534734,-0.06174975,0.04335398
2019-01-08,15,31,24,26.7,8.3,0.3,0.021,0.0697,0.1107,10.390836,0.1436521,0.11492168,0.300057,-0.32637656,0.06503097
2019-01-08,15,31,24,69.7,5.3,7.3,0.023,0.069,0.1142,13.273454999999998,-0.4405331,4.0414124,0.14800392,-0.3382448,0.28028244
2019-01-08,15,31,24,115.1,10.9,2.9,0.0244,0.0692,0.1172,12.832921,-0.59376204,0.48841715,-0.04469788,-0.11911872,0.25363123
2019-01-08,15,31,24,159.0,6.0,8.0,0.0264,0.0689,0.1213,12.928689,-2.0302830000000003,3.5529952000000007,-0.00418879,-0.17359045,0.17034413
2019-01-08,15,31,24,203.5,2.5,3.5,0.0276,0.069,0.1242,10.400413,-0.26815059999999996,0.18195933,-0.038868482999999995,-0.11004301,0.18311994
2019-01-08,15,31,24,245.4,9.6,1.6,0.0297,0.0685,0.1288,10.457873,-0.24899697,2.27928,-0.15680037,0.06482153,0.16831955
2019-01-08,15,31,24,288.8,7.2,8.2,0.0311,0.0678,0.1318,8.724471000000001,0.36391866,1.4939818,-0.18483037,0.13969615,0.10519099
2019-01-08,15,31,24,334.3,0.7,3.7,0.0332,0.0671,0.1364,8.034941,0.009576807,2.7772740000000002,-0.33485886,0.35159656,0.08868018
2019-01-08,15,31,24,375.2,0.8,1.8,0.0353,0.0669,0.1414,7.0485296,0.2873042,0.19153613,-0.33990288,0.38062140000000005,0.08646361
2019-01-08,15,31,24,419.1,5.9,7.9,0.0365,0.0667,0.1446,7.7189064,0.545878,1.5610195,-0.12932889,0.0930435,0.04096288
2019-01-08,15,31,24,467.6,8.4,11.4,0.0386,0.0665,0.1501,7.240066000000001,0.31603462,-0.30645782,-0.09594075,0.11054915,-0.086969756
2019-01-08,15,31,24,507.5,7.5,0.5,0.0407,0.0654,0.1557,9.289502,0.16280572,1.484405,0.16952384,-0.14032447,-0.26916468
2019-01-08,15,31,24,559.4,5.5,7.5,0.0419,0.0647,0.1597,10.237606,0.047884032,-0.61291564,0.28091073,-0.24116959999999998,-0.26504570000000005
2019-01-08,15,31,24,602.8,5.2,7.2,0.0443,0.0632,0.1678,12.0093155,0.2777274,2.27928,0.34100243,-0.38290778,-0.18263125
2019-01-08,15,31,24,644.3,0.7,3.7,0.0452,0.0615,0.1715,14.068329,0.7182605,2.7389667,0.14505431,-0.20603612,-0.110025555
2019-01-08,15,31,24,692.7,3.2,4.2,0.0462,0.061,0.1778,11.884817,0.80445176,0.48841715,0.11503465,-0.16973327,-0.09410815
2019-01-08,15,31,24,738.1,7.9,9.9,0.0469,0.0614,0.1845,11.33894,0.21068975,3.3806129,0.21108012,-0.12372639,-0.108943455
2019-01-08,15,31,24,780.6,4.4,6.4,0.0471,0.0616,0.1886,10.342952,0.23942018,2.1068976000000004,0.05078908,0.10735519999999998,-0.059166662
2019-01-08,15,31,24,807.0,8.9,10.9,0.047,0.0618,0.1907,8.887277000000001,0.21068975,-0.05746084,0.029164452,0.19233528,-0.036407568
2019-01-08,15,31,24,847.5,9.5,11.5,0.0476,0.0629,0.1964,8.293514,-0.81402856,0.90979666,0.063023835,0.10508627400000001,0.01420698
2019-01-08,15,31,24,894.9,3.1,5.1,0.048,0.0658,0.2027,7.843405000000001,-0.8331822,0.8523358,0.021275562999999997,0.106395274,0.08477064
2019-01-08,15,31,24,940.3,5.7,7.7,0.0478,0.0685,0.2092,8.025364,0.49799395,0.21068975,0.004118977,0.13898057,0.08136725
2019-01-08,15,31,24,982.8,2.2,4.2,0.0472,0.0695,0.213,7.843405000000001,0.12449849,1.1204863999999999,0.12966052,-0.020839231,0.072658055
2019-01-08,15,31,25,25.2,9.8,2.8,0.0466,0.0702,0.2165,9.002198,0.7374141,0.5650316,0.22968532,-0.12730432,0.08087855599999999
2019-01-08,15,31,25,67.6,7.4,0.4,0.0456,0.0711,0.224,9.624691,0.30645782,0.5746084,0.16980308,-0.038781215,0.10292207
2019-01-08,15,31,25,115.5,1.5,3.5,0.0451,0.0712,0.2282,10.994174000000001,0.40222588,1.2545617,0.45251152,-0.38960984,0.086132
2019-01-08,15,31,25,162.0,3.0,8.0,0.0443,0.0721,0.2354,12.047623,0.019153614,2.0015526,0.21305235,-0.16566665,0.039741147000000004
2019-01-08,15,31,25,205.4,0.6,1.6,0.0437,0.0722,0.2396,12.689269,0.02873042,1.7142484,0.19233528,-0.10634291,-0.027593656
2019-01-08,15,31,25,248.8,6.2,8.2,0.043,0.0722,0.2458,11.080364999999999,-0.40222588,1.3790601,0.03679154,0.08545132,-0.05105088
2019-01-08,15,31,25,289.3,5.7,7.7,0.0426,0.0722,0.2502,11.425131,0.16280572,1.4269443000000002,-0.007853981999999999,0.09135053,-0.01993166
2019-01-08,15,31,25,334.7,0.3,6.3,0.0418,0.0733,0.2574,10.582372,-0.20111294,0.8810662,-0.01605703,0.046722464000000005,0.024923302
2019-01-08,15,31,25,374.1,0.9,2.9,0.0405,0.0744,0.2656,9.452309,-0.2777274,2.1547816,-0.09501573,0.05932374,0.103340946
2019-01-08,15,31,25,415.6,9.4,2.4,0.0397,0.0754,0.2723,8.456321,-0.02873042,2.480393,-0.36252233,0.28817132,0.10550515
2019-01-08,15,31,25,459.0,7.0,8.0,0.038,0.0773,0.2834,7.393294999999999,-0.18195933,0.545878,-0.31925562,0.28796187,0.08478809
2019-01-08,15,31,25,499.9,5.1,10.1,0.0366,0.0781,0.2919,7.240066000000001,0.5363011999999999,0.4213795,-0.20968385,0.23359486,0.0715585
2019-01-08,15,31,25,543.9,2.1,4.1,0.0347,0.0796,0.306,8.015787,0.21068975,0.8619126,-0.013927726999999999,0.08196066,0.07124434
2019-01-08,15,31,25,586.8,8.2,2.2,0.0331,0.081,0.3229,8.24563,-0.12449849,-0.22984336,0.23352505,-0.13964379,0.037943456
2019-01-08,15,31,25,631.7,3.3,5.3,0.0325,0.0806,0.3362,10.314221,0.019153614,0.7661445,0.21565288,-0.117844634,0.014137166999999999
2019-01-08,15,31,25,674.7,0.3,4.3,0.0319,0.0792,0.3571,11.080364999999999,0.18195933,-0.91937345,0.29583332,-0.22596778,0.011362093500000002
2019-01-08,15,31,25,713.1,1.9,3.9,0.032,0.0774,0.3729,13.01488,0.038307227,2.1068976000000004,0.41472512,-0.38519415,-0.006632251
2019-01-08,15,31,25,757.0,8.0,11.0,0.0313,0.0746,0.3999,12.229582,1.3311761999999998,4.2042184,0.35129988,-0.27836257,-0.08810422
2019-01-08,15,31,25,798.5,6.5,0.5,0.0302,0.0697,0.4286,11.204864,0.61291564,0.60333884,0.19816469,-0.098262034,-0.16374679
2019-01-08,15,31,25,838.4,6.6,11.6,0.0291,0.067,0.4507,11.051635000000001,1.1971009,3.0071173,-0.011292281000000001,0.08344419,-0.18760544
2019-01-08,15,31,25,880.8,4.2,6.2,0.0266,0.0627,0.4839,10.314221,0.41180268,1.7046716,-0.06899287,0.21167353,-0.17879152
2019-01-08,15,31,25,925.3,9.7,1.7,0.0246,0.0591,0.5064,9.11712,0.02873042,1.4939818,-0.043615777,0.24471262,-0.1728574
2019-01-08,15,31,25,969.7,4.3,7.3,0.022,0.0593,0.5426,8.1402855,-0.16280572,2.7772740000000002,-0.068050385,0.27956682,-0.12657128
2019-01-08,15,31,26,10.1,5.9,7.9,0.0205,0.0607,0.568,7.517792999999999,-0.31603462,0.9576806999999999,-0.22661355,0.48244390000000004,-0.11740830000000001
2019-01-08,15,31,26,57.1,7.9,0.9,0.0186,0.0605,0.6085,8.418014,0.13407529999999998,1.3694833999999998,-0.17018706,0.40798816,-0.0940907
2019-01-08,15,31,26,95.5,9.5,1.5,0.0178,0.0589,0.6341,7.7572136,0.39264908,0.33518824,-0.0641234,0.17617354,0.007976155
2019-01-08,15,31,26,140.4,4.6,6.6,0.0191,0.0638,0.6748,9.56723,0.019153614,0.8619126,0.07358308,-0.098820545,0.15062192
2019-01-08,15,31,26,181.4,3.6,7.6,0.0203,0.0712,0.704,10.400413,0.0,0.45968673,0.11943288,-0.21861994,0.25136232
2019-01-08,15,31,26,224.8,1.2,2.2,0.0226,0.0769,0.7478,10.371682,0.58418524,-1.1300632,0.276146,-0.4447099,0.2364223
2019-01-08,15,31,26,267.7,8.3,10.3,0.0246,0.0787,0.7786,12.890382,0.4309563,4.1946416,0.083828166,-0.25296799999999997,0.10611602
2019-01-08,15,31,26,312.1,2.9,3.9,0.0281,0.0797,0.8221,11.176133,0.0,0.1436521,0.08908161,-0.21614157,0.011327186999999999
2019-01-08,15,31,26,353.6,1.4,5.4,0.0316,0.0769,0.8707,11.942278,-0.545878,2.2122424,0.117844634,-0.21807889999999996,-0.0036651914
2019-01-08,15,31,26,398.5,6.5,12.5,0.0345,0.0691,0.9026,10.888829,-0.41180268,2.6048915,0.023369959,-0.1579872,0.010349803000000001
2019-01-08,15,31,26,438.0,8.0,10.0,0.0391,0.0565,0.949,10.084377,-0.22984336,2.825158,-0.21622884,0.079395026,0.043179445
2019-01-08,15,31,26,481.9,3.1,5.1,0.0429,0.0464,0.9807,8.734048,0.21068975,3.3806129,-0.45012042,0.36423275,0.0015184365
2019-01-08,15,31,26,524.8,0.2,4.2,0.0487,0.0356,1.0309,7.6135616,0.31603462,2.1260512,-0.54649746,0.5036322,-0.045710173
2019-01-08,15,31,26,569.2,6.8,7.8,0.053,0.0379,1.0638,7.728483,-0.12449849,0.60333884,-0.51560515,0.5232497,-0.067544244
2019-01-08,15,31,26,616.2,8.8,1.8,0.0612,0.0406,1.1328,8.015787,-0.35434186,0.8523358,-0.39268163,0.35845572,-0.02565634
2019-01-08,15,31,26,657.6,7.4,10.4,0.0641,0.0444,1.1686,7.881711999999999,-0.4213795,0.9959879,-0.31700414,0.18273596,0.023631757000000003
2019-01-08,15,31,26,695.5,9.5,3.5,0.0662,0.0486,1.2011,9.519346,-0.05746084,1.3982137,-0.25830874,0.13514084,0.016999507
2019-01-08,15,31,26,736.0,9.0,1.0,0.0671,0.0588,1.2467,10.812215,-0.11492168,0.545878,-0.109449595,0.015655603,0.021519909
2019-01-08,15,31,26,770.4,4.6,6.6,0.0672,0.0676,1.2742,11.118672,0.2873042,-0.78529817,0.21167353,-0.40749946,0.03213151
2019-01-08,15,31,26,814.4,4.5,6.6,0.0675,0.0747,1.3058,13.570335,0.0,2.5474305,0.35662309999999997,-0.5501451999999999,0.03820526
2019-01-08,15,31,26,852.8,3.2,4.2,0.0683,0.0817,1.3516,11.3964,0.7757214,3.7158010000000004,0.29960322,-0.46633452,0.012164945
2019-01-08,15,31,26,895.2,2.8,3.8,0.0687,0.0814,1.383,11.722012,0.25857377,2.384625,0.022287855,-0.17105971,-0.018587757
2019-01-08,15,31,26,936.2,8.8,1.8,0.069,0.079,1.4329,11.798625999999999,0.23942018,4.0701427,-0.11794935,0.022078415,-0.06550220400000001
2019-01-08,15,31,26,980.1,6.9,9.9,0.0687,0.0706,1.4812,10.821792,0.39264908,3.4284968,-0.25759315,0.3024481,-0.14018485
2019-01-08,15,31,27,24.5,0.5,2.5,0.0674,0.0621,1.5174,8.647857,0.6991069000000001,1.2449848999999997,-0.18950784,0.27810076,-0.1945693
2019-01-08,15,31,27,65.0,10.0,2.0,0.0668,0.0532,1.5511,8.006210000000001,-0.2777274,1.9728221999999997,-0.17474237,0.2757795,-0.18385299
2019-01-08,15,31,27,101.4,5.6,8.6,0.0658,0.0463,1.5843,7.268796400000001,-0.37349546,0.93852705,-0.26460937,0.41816345,-0.14720106
2019-01-08,15,31,27,146.3,10.7,0.7,0.0642,0.0393,1.6373,7.97748,0.1436521,-0.009576807,-0.23371704,0.3860843,-0.11810643
2019-01-08,15,31,27,184.8,1.2,2.2,0.0633,0.0383,1.6777,7.546523599999999,0.13407529999999998,0.31603462,-0.12299335,0.15221016,-0.024190264
2019-01-08,15,31,27,224.2,1.8,4.8,0.0617,0.0422,1.7348,9.136273,0.05746084,1.4269443000000002,0.10124655,-0.18172368,0.044401175999999994
2019-01-08,15,31,27,262.2,2.8,4.8,0.0618,0.0449,1.7779,9.136273,0.59376204,-0.6895300999999999,0.14076081,-0.2400875,0.07887143
2019-01-08,15,31,27,299.1,6.9,7.9,0.0619,0.0515,1.8154,10.831368,-0.59376204,1.3599066,0.42835617,-0.64978606,0.12356931
2019-01-08,15,31,27,336.5,8.4,0.5,0.0633,0.056,1.8682,11.425131,-0.047884032,1.8674773,0.21261601,-0.5280319,0.15774286
2019-01-08,15,31,27,377.5,8.5,10.5,0.0647,0.0663,1.9064,12.516886999999999,0.2873042,0.40222588,0.0689056,-0.42198572,0.15515977
2019-01-08,15,31,27,416.9,9.1,1.1,0.0657,0.076,1.9446,12.861651,-1.9536686,5.966350599999999,0.028588492000000004,-0.3691546,0.113638386
2019-01-08,15,31,27,454.9,0.1,2.1,0.0672,0.0823,1.9998,11.884817,-0.7469909,1.6376339,-0.31794664,-0.07005752,0.11897910000000002
2019-01-08,15,31,27,495.3,10.7,1.7,0.0687,0.0785,2.0399,10.448297,-0.23942018,2.1930888,-0.42847833,0.09189159,0.095870934
2019-01-08,15,31,27,537.2,7.8,12.8,0.0703,0.0725,2.0972,9.873688000000001,-0.58418524,2.9496564999999997,-0.49804714,0.24113469,0.06679375
2019-01-08,15,31,27,577.7,7.3,10.3,0.0725,0.0633,2.1366,8.226477000000001,-0.17238252,1.733402,-0.60140556,0.38922587,0.06190683
2019-01-08,15,31,27,624.6,0.4,2.4,0.0758,0.048,2.1972,7.891288799999999,-0.4405331,1.9919758,-0.5697802,0.46561894,0.057264253
2019-01-08,15,31,27,661.5,5.5,6.5,0.0786,0.0364,2.2379,7.4124484,0.13407529999999998,0.7469909,-0.43697807,0.38995892,0.042044982
2019-01-08,15,31,27,700.5,4.5,7.5,0.0816,0.0301,2.2799,7.7093296,0.21068975,0.5554548,-0.35847318,0.34463271,0.029688051
2019-01-08,15,31,27,741.4,4.6,6.6,0.0866,0.0271,2.3403,7.881711999999999,-0.30645782,1.436521,-0.15486306,0.100059725,0.035587262
2019-01-08,15,31,27,783.8,3.2,5.2,0.0901,0.0325,2.3832,9.14585,-0.22026655,0.24899697,0.17695893,-0.20870647,-0.014695672
2019-01-08,15,31,27,821.3,4.7,6.7,0.0935,0.0357,2.4438,10.70687,0.26815059999999996,-0.16280572,0.21003293,-0.24588199,-0.04272566
2019-01-08,15,31,27,862.2,2.8,5.8,0.0941,0.0457,2.487,12.162544,-0.19153613,0.32561144,0.46188393,-0.54632294,-0.04103269
2019-01-08,15,31,27,902.1,3.9,5.9,0.0937,0.0577,2.5473,12.947842999999999,0.91937345,0.92895025,0.5305103,-0.60798544,-0.052866023
2019-01-08,15,31,27,944.1,0.9,2.9,0.0915,0.0702,2.5856,11.769896000000001,0.34476504,5.8705826,0.43830454,-0.43460444,-0.1375843
2019-01-08,15,31,27,988.5,6.5,9.5,0.089,0.0817,2.6447,11.18571,0.08619126,0.842759,0.019809486,0.09789552,-0.18638371
2019-01-08,15,31,28,26.0,9.0,2.0,0.0874,0.0845,2.6831,11.176133,0.06703765,2.3750482,-0.045238934,0.09894271,-0.14596188
2019-01-08,15,31,28,66.9,10.1,0.1,0.0858,0.0826,2.7236,9.5385,1.1492168,1.8291701,-0.12150982,0.155631,-0.10924016
2019-01-08,15,31,28,108.3,6.7,8.7,0.0842,0.0774,2.7795,9.615114,0.08619126,1.8866308999999997,-0.06780604,0.24244368,-0.18282324
2019-01-08,15,31,28,147.3,8.7,0.7,0.0832,0.0699,2.8208,8.159439,-0.36391866,0.47884035,-0.06414085,0.29290116,-0.14652039
2019-01-08,15,31,28,187.7,7.3,9.3,0.0811,0.0582,2.8808,7.967903,-0.8810662,1.9536686,-0.034540065,0.32145473,-0.079639375
2019-01-08,15,31,28,228.6,6.4,8.4,0.0784,0.0497,2.9218,8.226477000000001,-0.36391866,1.0247183000000002,-0.15011577,0.37444293,0.01293289
2019-01-08,15,31,28,270.1,4.9,8.9,0.0736,0.0378,2.9847,7.6710224,-0.2873042,0.5363011999999999,-0.058608155999999995,0.06780604,0.16383405
2019-01-08,15,31,28,310.0,6.0,8.0,0.0703,0.0358,3.0272,9.069236,0.33518824,1.1875241,0.18058921,-0.28115508,0.17725565
2019-01-08,15,31,28,349.0,6.0,9.0,0.0671,0.038,3.0724,9.385271000000001,0.16280572,0.02873042,0.16039576,-0.20764183,0.12149237
2019-01-08,15,31,28,387.4,7.6,0.6,0.0656,0.0433,3.1325,10.400413,0.32561144,-0.30645782,0.29222047,-0.38655552,0.11358603
2019-01-08,15,31,28,429.3,6.7,9.7,0.064,0.0567,3.1754,11.999739,0.41180268,4.0222587999999995,0.23858652,-0.38695696,0.10419615
2019-01-08,15,31,28,470.3,4.7,6.7,0.0643,0.0717,3.2374,12.919112,0.24899697,0.38307226,-0.038187806,-0.22027801,0.045500733
2019-01-08,15,31,28,509.7,5.3,10.3,0.0654,0.0798,3.2779,11.042058,-1.1875241,1.4556746,-0.13386676,-0.16578883,0.006178465699999999
2019-01-08,15,31,28,550.1,4.9,7.9,0.0667,0.0836,3.3197,10.726024,0.11492168,0.6991069000000001,-0.1969604,-0.119153626,-0.013107423
2019-01-08,15,31,28,587.1,7.9,0.9,0.0681,0.0878,3.3785,10.563217999999999,-1.1300632,1.9823990000000002,-0.21104520000000002,-0.09852383,-0.027838001
2019-01-08,15,31,28,629.0,8.0,10.0,0.0698,0.0793,3.4219,9.998186,-0.6512229,2.4037786,-0.32244956,0.06632251,-0.013543755
2019-01-08,15,31,28,669.9,5.1,7.1,0.0727,0.0702,3.4829,8.226477000000001,0.23942018,1.8770541,-0.45238933,0.20308651,0.06290167
2019-01-08,15,31,28,714.9,0.1,2.1,0.075,0.0612,3.5254,8.456321,0.35434186,1.8770541,-0.5383817,0.40041342,0.0076096356
2019-01-08,15,31,28,752.8,4.2,6.2,0.0782,0.0454,3.5911,7.441178999999999,0.47884035,-0.02873042,-0.4177969,0.3042458,0.0017976891000000001
2019-01-08,15,31,28,797.2,9.8,10.8,0.0816,0.0337,3.6343,8.418014,0.076614454,0.6512229,-0.109275065,-0.03693117,0.014137166999999999
2019-01-08,15,31,28,838.2,7.8,8.8,0.0864,0.0251,3.7018,7.97748,-0.4405331,0.842759,-0.1312662,0.049480084,0.00024434610000000003
2019-01-08,15,31,28,876.6,9.4,0.4,0.0907,0.0239,3.7463,9.279925,-0.62249243,1.2258313,-0.07829547,0.019896753,-0.013334315
2019-01-08,15,31,28,916.1,9.9,0.9,0.094,0.0258,3.7886,10.783484,-0.7565677,0.79487497,-0.037018432999999996,-0.008656833000000001,-0.0012740904
2019-01-08,15,31,28,959.0,8.0,12.0,0.0959,0.0342,3.8509,11.070788,0.82360536,-0.30645782,0.24619615,-0.38430405,0.007749262
2019-01-08,15,31,28,999.9,5.1,7.1,0.0967,0.0486,3.8953,13.771448000000001,-0.21068975,3.7349546,0.21605429999999998,-0.29194123,-0.06422812
2019-01-08,15,31,29,39.9,6.1,8.1,0.0971,0.0643,3.9564,11.9135475,1.0630256,1.9440918000000003,0.20544271,-0.22670081,-0.09819222
2019-01-08,15,31,29,78.8,6.2,8.1,0.0973,0.0788,4.0014,11.224017,0.29688102,0.8714894,0.12466887,-0.11686724400000001,-0.10341076
2019-01-08,15,31,29,121.7,4.3,5.3,0.0984,0.0905,4.0655,11.597513000000001,0.21068975,4.0414124,-0.077667154,0.15943582,-0.081297435
2019-01-08,15,31,29,158.2,6.8,9.8,0.0996,0.0872,4.1081,10.342952,0.51714754,2.2122424,-0.14627604,0.31606168,-0.08117526
2019-01-08,15,31,29,200.1,4.9,6.9,0.0999,0.0788,4.152,9.289502,0.49799395,0.34476504,0.004590215999999999,0.21743312,-0.16556193
2019-01-08,15,31,29,241.0,4.0,9.0,0.101,0.0657,4.2147,8.360553,-0.009576807,1.7908629,0.14699163,0.14173819,-0.21240658
2019-01-08,15,31,29,283.0,1.9,4.0,0.1007,0.0516,4.2608,7.278373200000001,0.05746084,0.7565677,0.109030716,0.17090264,-0.15763813
2019-01-08,15,31,29,323.4,1.6,3.6,0.0997,0.0348,4.327,7.6518690000000005,0.05746084,0.08619126,0.07976155,0.20153317,-0.11267845
2019-01-08,15,31,29,362.4,2.6,8.6,0.0985,0.029,4.3761,8.169016000000001,0.32561144,0.89064306,0.11979939999999999,0.10922269999999999,-0.04003785
2019-01-08,15,31,29,388.8,6.2,8.2,0.0975,0.0272,4.4235,7.97748,0.5363011999999999,0.79487497,0.19343483,-0.032620203,0.029688051
2019-01-08,15,31,29,425.3,0.7,1.7,0.0962,0.0291,4.4713,9.605537,-0.23942018,1.7046716,0.16716763,-0.00837758,0.061627574000000004
2019-01-08,15,31,29,466.7,8.3,0.3,0.0981,0.0328,4.5167,9.902417999999999,0.7661445,-0.5650316,0.30625293,-0.27344072,0.082449354
2019-01-08,15,31,29,508.1,6.9,8.9,0.0991,0.0499,4.5817,11.84651,-0.06703765,1.4748282,0.43284166,-0.45764279999999996,0.07639306
2019-01-08,15,31,29,546.6,9.4,0.4,0.0996,0.0632,4.6283,13.503298000000001,-0.19153613,1.0247183000000002,0.27813566,-0.27502897,0.08997172
2019-01-08,15,31,29,586.5,8.5,2.5,0.0999,0.0775,4.6937,12.880805,-0.51714754,2.9975405,0.21465804,-0.23726006,0.11102039
2019-01-08,15,31,29,625.9,9.1,2.1,0.1005,0.0851,4.7384,10.429143,0.45968673,0.20111294,0.10084512,-0.11321951,0.102869704
2019-01-08,15,31,29,666.4,8.6,0.6,0.1021,0.0853,4.7846,9.998186,-0.16280572,2.480393,-0.0012915436,-0.013753194,0.06644469
2019-01-08,15,31,29,704.3,0.7,5.7,0.1044,0.0799,4.8491,10.352528999999999,-0.39264908,3.8498763999999994,-0.16304865,0.19556414,0.04145157
2019-01-08,15,31,29,745.3,1.7,3.7,0.1068,0.0693,4.8969,8.6574335,0.545878,1.7429788,-0.23329817,0.23898794,0.038100537000000004
2019-01-08,15,31,29,784.7,0.3,2.3,0.1113,0.0526,4.9642,8.207322999999999,0.17238252,1.9632453999999997,-0.26771605,0.31164598,0.0074351025
2019-01-08,15,31,29,828.6,7.4,9.4,0.1154,0.0377,5.0112,7.489063000000001,0.6703765,-0.5267244000000001,-0.2723761,0.31880185,-0.011868238
2019-01-08,15,31,29,872.1,3.9,4.9,0.1219,0.0222,5.0826,8.054094000000001,0.0,0.49799395,-0.19694296,0.19842649,-0.021188296000000002
2019-01-08,15,31,29,912.5,2.5,4.5,0.1272,0.0192,5.1305,8.2169,-0.21068975,1.4748282,-0.08915142,0.07714355,-0.032428216
2019-01-08,15,31,29,954.4,0.6,1.6,0.1342,0.0184,5.2055,8.676587,-0.31603462,0.038307227,0.022828907000000002,-0.02953097,-0.022060962000000003
2019-01-08,15,31,29,990.4,6.6,7.6,0.1366,0.0228,5.2505,9.701305,0.019153614,1.6472107,0.019373154,-0.045099307000000005,0.017732546000000002
2019-01-08,15,31,30,31.3,4.7,7.7,0.1377,0.0357,5.3009,11.291056,0.047884032,0.19153613,0.19177678,-0.28159142,0.026022859
2019-01-08,15,31,30,73.7,2.3,4.3,0.1396,0.0503,5.3684,11.482592,0.37349546,-0.6895300999999999,0.43907250000000003,-0.5764299,0.050562188
2019-01-08,15,31,30,113.2,2.8,3.8,0.1392,0.0639,5.4148,13.225570000000001,0.29688102,5.430049400000001,0.39215803,-0.43114868,0.046460666
2019-01-08,15,31,30,153.6,1.4,3.4,0.1396,0.0811,5.4826,11.903971,0.40222588,2.9400797,-0.058608155999999995,0.12842132,0.03174754
2019-01-08,15,31,30,190.6,4.4,6.4,0.1394,0.0846,5.5296,11.099519,0.7374141,1.043872,-0.09473647,0.21471039999999997,0.01446878
2019-01-08,15,31,30,230.0,5.0,7.0,0.1395,0.0778,5.5728,10.955867,0.7182605,3.8977604,-0.038659044,0.27150342,-0.036756635
2019-01-08,15,31,30,271.4,3.6,5.6,0.139,0.0699,5.6373,9.414000999999999,1.043872,0.9576806999999999,0.037734017,0.3094294,-0.1571669
2019-01-08,15,31,30,309.9,5.1,8.1,0.1382,0.0576,5.684,8.39886,0.15322891,1.2354081000000001,0.11098549,0.25973989999999997,-0.19364429
2019-01-08,15,31,30,349.3,5.7,7.7,0.1369,0.0451,5.7287,7.97748,-0.02873042,1.7525556,0.15337953,0.19905479999999998,-0.13021901
2019-01-08,15,31,30,399.7,6.3,8.2,0.135,0.0246,5.8191,7.4124484,-0.41180268,0.6703765,-0.031084314,0.38573520000000006,-0.09969321
2019-01-08,15,31,30,440.2,4.8,7.8,0.1333,0.0176,5.8719,8.054094000000001,-0.2873042,1.2545617,-0.034225907,0.2717652,-0.022410028
2019-01-08,15,31,30,476.6,8.4,0.4,0.1315,0.0172,5.9263,8.283937,0.30645782,0.38307226,0.1436755,-0.017366026,0.056985
2019-01-08,15,31,30,520.0,6.0,9.0,0.1335,0.0202,5.9901,9.979032499999999,0.62249243,0.81402856,0.23827235,-0.15788248,0.073303826
2019-01-08,15,31,30,558.5,6.4,9.4,0.1333,0.0344,6.0326,11.022903999999999,0.17238252,-0.842759,0.45505969999999996,-0.49684290000000003,0.10824532
2019-01-08,15,31,30,600.4,5.6,6.6,0.1379,0.0535,6.1014,11.923124000000001,0.13407529999999998,2.9209259999999997,0.38512436,-0.46945867,0.14927801
2019-01-08,15,31,30,640.8,4.2,6.2,0.1411,0.0645,6.1414,13.321339000000002,0.1436521,3.1316159,0.04703662,-0.12945107,0.16837192
2019-01-08,15,31,30,681.3,3.7,5.7,0.144,0.0761,6.1873,11.118672,-0.9576806999999999,2.1930888,-0.10238101,0.0033510323,0.12606514
2019-01-08,15,31,30,721.2,3.8,7.8,0.148,0.0831,6.2513,11.243171,0.1436521,2.2122424,-0.072640605,-0.012322023999999999,0.104510315
2019-01-08,15,31,30,757.7,7.3,12.3,0.1506,0.0785,6.2946,10.658986,-0.80445176,2.135628,-0.09700539999999999,0.06983062599999999,0.07093018
2019-01-08,15,31,30,797.6,7.4,1.4,0.1532,0.0692,6.3398,9.097966,-0.5363011999999999,0.41180268,-0.10890854,0.095452055,0.07108726
2019-01-08,15,31,30,842.5,4.5,5.5,0.157,0.0559,6.4043,8.619126,0.06703765,2.27928,-0.21799162,0.12693779,0.14536847
2019-01-08,15,31,30,883.0,3.0,5.0,0.1604,0.0407,6.4512,8.532935,0.10534488,2.3654714,-0.33080970000000004,0.31852257,0.08414232
2019-01-08,15,31,30,922.9,2.1,4.1,0.1654,0.0234,6.517,7.8146744,-0.11492168,1.0151415000000001,-0.39659116,0.43949136,0.03609341
2019-01-08,15,31,30,963.8,2.2,4.2,0.1693,0.0155,6.5644,7.5369470000000005,0.38307226,0.7086836999999999,-0.20572196,0.21106267,0.04923574
2019-01-08,15,31,31,4.3,0.7,2.7,0.1755,0.0097,6.6313,8.236053,-0.26815059999999996,0.9768343,0.09417797,-0.07358308,0.07929031
2019-01-08,15,31,31,44.2,0.8,3.8,0.1785,0.0145,6.6714,8.360553,0.08619126,0.038307227,0.13934709,-0.12960815,0.041835542999999996
2019-01-08,15,31,31,83.1,1.9,4.9,0.1806,0.0247,6.7378,10.764331,0.22026655,0.842759,0.2618692,-0.27405159999999995,-0.015358897
2019-01-08,15,31,31,122.6,2.4,4.4,0.1826,0.0413,6.78,12.296619999999999,0.22026655,-0.1436521,0.3640757,-0.33393383,-0.10428342
2019-01-08,15,31,31,163.5,2.5,3.5,0.1823,0.0515,6.8205,13.177685999999998,0.8810662,2.384625,0.36562902,-0.32107076,-0.11437143
2019-01-08,15,31,31,205.0,1.0,2.0,0.183,0.0682,6.8809,12.449849,0.009576807,5.2863975,0.21903881,-0.17980382,-0.10924016
2019-01-08,15,31,31,244.9,1.1,2.1,0.1823,0.0729,6.9254,10.7356,0.19153613,0.24899697,0.018011797,-0.0019373155,-0.09361946
2019-01-08,15,31,31,293.3,2.7,4.7,0.182,0.0711,6.9886,11.635819999999999,0.60333884,4.4723687000000005,-0.19394098,0.18212509999999998,-0.10133382
2019-01-08,15,31,31,333.3,1.7,3.7,0.1813,0.0644,7.0536,9.509769,0.7757214,0.89064306,-0.26816985,0.26434755,-0.15355407
2019-01-08,15,31,31,376.7,8.3,0.3,0.1805,0.0523,7.0971,8.954314,0.095768064,2.0207062,-0.18907152,0.22671826,-0.1969604
2019-01-08,15,31,31,417.1,8.9,10.9,0.1789,0.0357,7.1619,7.996633500000001,-0.1436521,1.6759412,-0.25686010000000004,0.29804987,-0.14044665
2019-01-08,15,31,31,454.6,0.4,5.4,0.1771,0.0245,7.2038,7.728483,0.06703765,0.9864110999999999,-0.32768556,0.39381608,-0.13674654
2019-01-08,15,31,31,494.5,0.5,2.5,0.1753,0.0182,7.2494,8.025364,0.37349546,0.45968673,-0.30457740000000005,0.382454,-0.123098075
2019-01-08,15,31,31,535.9,9.1,1.1,0.1733,0.0147,7.3121,8.2169,0.019153614,0.9576806999999999,0.036651913,-0.12077679,0.018046705
2019-01-08,15,31,31,576.9,8.1,2.1,0.1722,0.0213,7.3556,9.710882000000002,0.076614454,1.1013328000000002,0.07213446,-0.13569935,0.016144296000000002
2019-01-08,15,31,31,616.3,8.7,0.7,0.1731,0.022,7.4005,10.1226845,-0.40222588,-0.641646,0.24473007,-0.3523645,0.05820673
2019-01-08,15,31,31,654.8,0.2,2.2,0.1734,0.0324,7.464,11.271901,-0.047884032,1.7238252,0.33766884,-0.56777304,0.17170548
2019-01-08,15,31,31,696.7,0.2,2.3,0.1756,0.0431,7.5081,12.670115,0.4309563,2.5187001,0.057857665999999995,-0.28701940000000004,0.17921041
2019-01-08,15,31,31,738.1,6.9,10.9,0.178,0.0598,7.5705,11.894394,-0.23942018,2.432509,-0.0099832835,-0.2541723,0.08929104
2019-01-08,15,31,31,778.6,6.4,8.4,0.1786,0.0705,7.6164,10.955867,-0.1436521,1.292869,-0.11362094,-0.18181095,0.052516956
2019-01-08,15,31,31,815.5,0.4,1.4,0.1795,0.0766,7.6794,11.042058,-0.4405331,1.3886370000000001,-0.23296654,-0.0808262,0.033004176
2019-01-08,15,31,31,855.4,0.6,2.6,0.1798,0.0696,7.7224,10.266336,-1.6567876,2.4229321,-0.5004906,0.089360856,0.08833111
2019-01-08,15,31,31,902.9,2.1,5.1,0.1808,0.0583,7.7872,8.006210000000001,-0.06703765,2.0973208,-0.63648665,0.14456563,0.14983651
2019-01-08,15,31,31,942.3,2.7,4.7,0.1823,0.0444,7.8303,8.446744,-0.21068975,3.4093432,-0.7696378,0.35826373,0.052708942
2019-01-08,15,31,31,986.2,7.8,1.8,0.1844,0.0275,7.8975,7.125144500000001,0.11492168,-0.20111294,-0.7869864000000001,0.4642925,-0.014992378999999998
2019-01-08,15,31,32,23.2,2.8,4.8,0.1867,0.0182,7.9413,7.3071036,0.15322891,-1.13964,-0.5714033000000001,0.24383995,0.0027576203000000002
2019-01-08,15,31,32,64.1,0.9,2.9,0.1905,0.0145,7.9881,8.1881695,-0.02873042,0.63206923,-0.35407495,0.013456488,0.051434852
2019-01-08,15,31,32,103.5,2.5,4.5,0.1952,0.0165,8.0536,8.274361,-0.08619126,-0.6607997,-0.105749495,-0.23911011,0.06983062599999999
2019-01-08,15,31,32,141.5,3.5,5.5,0.1987,0.0228,8.0994,9.988609,-0.10534488,1.5131354,-0.010000736,-0.28628635,0.057072267
2019-01-08,15,31,32,181.4,3.6,5.6,0.1988,0.0292,8.1417,11.415554,0.05746084,0.7374141,0.19067723,-0.2976659,-0.101124376
2019-01-08,15,31,32,219.4,6.6,8.6,0.2009,0.0375,8.2044,12.095507000000001,0.31603462,-0.18195933,0.37775907,-0.38610172,-0.168337
2019-01-08,15,31,32,257.3,7.7,3.7,0.2007,0.0468,8.2489,12.191275,1.6089035,3.3806129,0.5763252,-0.5419946,-0.1826138
2019-01-08,15,31,32,298.2,6.8,0.8,0.2005,0.0585,8.2913,11.865664,-0.076614454,4.0892963,0.50249773,-0.3715806,-0.20008455
2019-01-08,15,31,32,339.2,5.7,7.7,0.2008,0.0688,8.3533,10.764331,0.6991069000000001,0.641646,0.16784832,0.034121186,-0.15796974
2019-01-08,15,31,32,384.1,0.9,2.9,0.2,0.069,8.4191,11.769896000000001,-0.11492168,4.462791999999999,-0.10840239999999998,0.34447563,-0.13707817
2019-01-08,15,31,32,423.5,1.5,6.5,0.1994,0.0649,8.4616,9.490616000000001,0.19153613,1.0247183000000002,-0.17900097,0.43607049999999997,-0.112399206
2019-01-08,15,31,32,463.0,2.0,4.0,0.1984,0.0577,8.5064,8.858546,-0.10534488,1.7238252,-0.0935671,0.39355429999999997,-0.09459685
2019-01-08,15,31,32,505.4,10.6,1.6,0.1968,0.047,8.5682,8.24563,-0.08619126,2.2409727999999998,0.073216565,0.32253686,-0.052918382
2019-01-08,15,31,32,544.4,1.6,2.6,0.1959,0.0361,8.613,7.4603324,-0.22984336,1.1204863999999999,0.012356931000000002,0.41599923,-0.050631999999999996
2019-01-08,15,31,32,585.3,9.7,1.7,0.1937,0.0248,8.6765,8.312667999999999,0.842759,1.2641385,-0.037350047000000004,0.44834018,-0.0031066859999999996
2019-01-08,15,31,32,627.2,7.8,9.8,0.1925,0.0232,8.7233,8.6095495,0.63206923,0.6799533,0.20579177,0.046373397000000004,0.067544244
2019-01-08,15,31,32,667.7,8.3,1.3,0.1906,0.0234,8.7918,9.289502,0.40222588,1.0151415000000001,0.2850297,-0.04448844,0.062308256
2019-01-08,15,31,32,707.6,7.4,11.4,0.191,0.0278,8.835,11.204864,-0.33518824,1.2066777,0.4609589,-0.24460789999999996,0.07733554
2019-01-08,15,31,32,747.5,7.5,9.5,0.1923,0.0402,8.9031,10.639832499999999,0.21068975,0.038307227,0.5385039,-0.37788123,0.08553859
2019-01-08,15,31,32,786.0,9.0,3.0,0.1948,0.0497,8.9449,12.794614,-0.095768064,1.1492168,0.49942598,-0.362086,0.08323475
2019-01-08,15,31,32,826.4,9.6,1.6,0.1967,0.0612,8.9887,12.162544,-0.40222588,3.8881836000000005,0.4009196,-0.3335499,0.076183625
2019-01-08,15,31,32,868.3,7.7,8.7,0.2002,0.0739,9.051,10.91756,0.08619126,0.06703765,0.21739821,-0.20313887,0.06436774
2019-01-08,15,31,32,906.8,8.2,0.2,0.2024,0.0756,9.0958,10.524911,0.40222588,1.2545617,0.17437585,-0.16784832,0.059602994000000006
2019-01-08,15,31,32,950.2,6.8,8.8,0.2066,0.0708,9.1592,9.921572,-0.50757074,2.432509,0.073809974,-0.079080865,0.09955358
2019-01-08,15,31,32,987.7,7.3,8.3,0.2095,0.0628,9.2005,8.408437,-0.32561144,1.7908629,-0.20340067,0.13182472,0.15486306
2019-01-08,15,31,33,26.6,8.4,0.4,0.213,0.0525,9.2451,8.427589999999999,0.02873042,1.8387468999999996,-0.28131217,0.13960889,0.14365806
2019-01-08,15,31,33,66.0,9.0,1.0,0.2179,0.0378,9.3081,8.1402855,0.1436521,1.4652513999999999,-0.31061625,0.22802727,0.07033677
2019-01-08,15,31,33,103.5,1.5,5.5,0.2213,0.0248,9.3504,7.920019,-0.019153614,0.5554548,-0.31466540000000004,0.2984513,0.029112091
2019-01-08,15,31,33,147.9,7.1,0.1,0.2251,0.017,9.3965,8.743625,0.06703765,1.5035586,-0.21746802,0.27900833,0.014102261000000001
2019-01-08,15,31,33,188.8,6.2,8.2,0.2313,0.0134,9.4625,8.676587,-0.21068975,-0.18195933,0.015882496,0.040264744,-0.0027750734999999996
2019-01-08,15,31,33,227.3,7.7,1.7,0.2344,0.0202,9.5081,9.691728999999999,0.095768064,1.13964,0.05103342599999999,-0.013735741000000001,0.0021118484
2019-01-08,15,31,33,267.2,7.8,0.8,0.236,0.0248,9.5746,10.352528999999999,-0.19153613,0.89064306,0.045134213,-0.041922808,0.0062482785
2019-01-08,15,31,33,312.6,3.4,5.4,0.2377,0.0347,9.6175,10.94629,0.45968673,-0.7469909,0.33243287,-0.39275143,0.03403392
2019-01-08,15,31,33,353.1,1.9,3.9,0.2377,0.0497,9.6832,11.999739,1.7429788,2.5761611,0.42566836,-0.4208687,-0.06321582
2019-01-08,15,31,33,403.5,2.5,3.4,0.2367,0.0663,9.7471,11.511322,0.038307227,1.8100165000000001,0.24567254,-0.16770868,-0.14554301
2019-01-08,15,31,33,445.4,9.6,3.6,0.2359,0.0724,9.7946,11.080364999999999,0.35434186,2.825158,0.09848893,-0.02157227,-0.11770499999999999
2019-01-08,15,31,33,483.9,1.1,3.1,0.235,0.0717,9.8583,10.821792,0.58418524,3.0071173,0.012897983,0.080704026,-0.09599311
2019-01-08,15,31,33,523.3,1.7,3.7,0.2337,0.0641,9.9006,9.586383999999999,0.7661445,1.7142484,-0.062674776,0.24844761,-0.1386664
2019-01-08,15,31,33,562.3,2.6,7.6,0.2328,0.0546,9.9397,9.021352,0.31603462,1.4556746,-0.005654866999999999,0.25438175,-0.17564994
2019-01-08,15,31,33,606.7,9.3,0.3,0.231,0.0415,10.0011,7.5273699999999995,-0.23942018,0.7182605,0.04426155,0.19500564,-0.12409291
2019-01-08,15,31,33,647.1,8.9,9.9,0.2282,0.0321,10.0445,8.082825,-0.08619126,1.8770541,-0.05510004599999999,0.33859387,-0.08916887
2019-01-08,15,31,33,683.1,2.9,4.8,0.2244,0.0225,10.1073,7.680599000000001,0.26815059999999996,-0.02873042,-0.0659909,0.32374109999999995,0.0043458696
2019-01-08,15,31,33,725.0,1.0,2.0,0.2206,0.0236,10.1532,8.054094000000001,0.2873042,0.22026655,0.12184144,0.018692477,0.08618436
2019-01-08,15,31,33,763.9,1.1,3.1,0.2145,0.0337,10.2176,9.691728999999999,0.29688102,0.8619126,0.19394098,-0.10880382,0.08646361
2019-01-08,15,31,33,805.9,0.1,3.1,0.2131,0.0297,10.26,10.381259,0.29688102,-0.23942018,0.45444882,-0.37913787,0.10276499
2019-01-08,15,31,33,846.8,11.2,0.2,0.2113,0.0359,10.299,11.511322,0.22984336,2.1452047999999997,0.44673450000000003,-0.42332962,0.124756135
2019-01-08,15,31,33,885.2,0.8,1.8,0.2099,0.0497,10.3574,13.302185,0.4405331,1.6567876,0.26839674,-0.27544788,0.14460053
2019-01-08,15,31,33,925.2,0.8,1.8,0.2104,0.0621,10.4001,11.33894,-0.81402856,3.8594532,0.20818287,-0.19544198,0.09482374
2019-01-08,15,31,33,964.1,0.9,3.9,0.2106,0.073,10.4598,11.003751,-0.5363011999999999,1.6089035,-0.054803338,0.09121091,0.050911255
2019-01-08,15,31,34,5.1,9.9,2.9,0.2114,0.0743,10.5012,11.233594,-0.79487497,1.9632453999999997,0.02094395,0.04118977,0.091001466
2019-01-08,15,31,34,45.5,0.5,2.5,0.2129,0.0715,10.5643,10.563217999999999,-0.6991069000000001,2.825158,-0.10882128,0.13405874,0.1587726
2019-01-08,15,31,34,87.9,7.1,0.1,0.2136,0.0624,10.6051,8.734048,0.095768064,2.2505496,-0.22778292,0.2659009,0.13817772
2019-01-08,15,31,34,126.4,8.6,3.6,0.215,0.0513,10.6483,8.63828,-0.21068975,2.5474305,-0.38789943,0.44577456,0.098262034
2019-01-08,15,31,34,170.8,4.2,6.2,0.217,0.0333,10.7094,7.690175999999999,0.019153614,-0.17238252,-0.29349455,0.39268163,0.079063416
2019-01-08,15,31,34,210.2,4.8,9.8,0.2192,0.0223,10.7531,7.6518690000000005,0.32561144,0.47884035,-0.15817920000000002,0.26893779999999995,0.08468337
2019-01-08,15,31,34,250.7,4.3,1.3,0.2221,0.0169,10.8194,7.8625584,-0.2777274,0.7086836999999999,0.071174525,0.031625368,0.11903145
2019-01-08,15,31,34,288.6,7.4,8.4,0.2241,0.0234,10.8652,8.331821000000001,-0.47884035,0.08619126,0.3908665,-0.28710666,0.13458234
2019-01-08,15,31,34,332.0,3.0,5.0,0.2263,0.0281,10.932,9.979032499999999,-0.009576807,1.7812861,0.29054496,-0.16592845,0.081786126
2019-01-08,15,31,34,371.0,5.0,6.0,0.2255,0.032,10.9746,11.032481,0.13407529999999998,0.39264908,0.3928038,-0.19367918,-0.01675516
2019-01-08,15,31,34,411.4,3.6,7.6,0.2237,0.0394,11.0178,12.200851,0.59376204,0.6991069000000001,0.6669601,-0.41510909999999995,-0.028710665
2019-01-08,15,31,34,452.4,3.6,4.6,0.2208,0.0537,11.0783,12.076353,1.0342950999999998,4.7788267,0.7138222,-0.39783034,-0.07831292599999999
2019-01-08,15,31,34,492.8,2.2,5.2,0.2186,0.0637,11.1221,11.147403,0.12449849,1.8291701,0.5494121999999999,-0.15833627,-0.11170107
2019-01-08,15,31,34,529.7,7.3,9.3,0.2161,0.0731,11.1847,11.013328,0.45010993,1.6376339,0.36266196,0.07843509,-0.09983283
2019-01-08,15,31,34,570.7,4.3,6.3,0.2151,0.0712,11.2264,11.21444,0.26815059999999996,3.4476504,0.22437952,0.2510656,-0.07201228
2019-01-08,15,31,34,611.1,3.9,5.9,0.2134,0.0646,11.2692,9.56723,0.38307226,1.0342950999999998,0.1953547,0.31189033,-0.08288568
2019-01-08,15,31,34,650.5,4.5,6.5,0.2111,0.0568,11.329,8.667010000000001,0.31603462,1.1683705,0.2793923,0.23722515,-0.11395255
2019-01-08,15,31,34,690.5,4.4,7.4,0.2091,0.0466,11.3738,8.418014,-0.08619126,1.532289,0.32588790000000006,0.17277014,-0.07813839
2019-01-08,15,31,34,728.9,6.1,8.1,0.2064,0.0323,11.4373,8.169016000000001,-0.2873042,1.2258313,0.24075072,0.21731095,-0.048275806
2019-01-08,15,31,34,768.4,7.6,10.6,0.2043,0.0237,11.4802,7.785944000000001,-0.15322891,0.9959879,0.13925982,0.22469369,0.059131755999999994
2019-01-08,15,31,34,811.3,3.6,5.6,0.2013,0.0211,11.5264,8.274361,0.05746084,0.62249243,0.16500343,-0.04420919,0.14604916
2019-01-08,15,31,34,850.7,4.3,6.3,0.1974,0.0238,11.5908,8.973467999999999,0.30645782,0.6991069000000001,0.14877187,-0.15515977,0.1187173
2019-01-08,15,31,34,888.7,9.3,11.3,0.1977,0.0273,11.6353,10.28549,0.31603462,0.62249243,0.20073032,-0.3617195,0.09267698
2019-01-08,15,31,34,937.6,8.4,0.4,0.1972,0.0411,11.703,11.405977,0.095768064,0.9672575000000001,0.1314931,-0.41680208,0.06354744
2019-01-08,15,31,34,974.0,2.0,3.0,0.1984,0.0501,11.746,12.382812,1.1779473,1.283292,0.0020071286999999998,-0.3499036,0.036669366
2019-01-08,15,31,35,17.0,1.0,3.0,0.2001,0.0651,11.8098,12.717999,-1.13964,4.4244847,-0.19303341,-0.20481439,0.007173303000000001
2019-01-08,15,31,35,60.9,6.1,8.1,0.2026,0.0761,11.8763,11.080364999999999,-0.13407529999999998,1.0247183000000002,-0.42074654,0.07752752,0.0005410521
2019-01-08,15,31,35,103.3,1.7,4.7,0.2041,0.0742,11.9159,10.572795,-0.21068975,3.0741549999999997,-0.45806167,0.11562806,0.0069638634999999996
2019-01-08,15,31,35,142.3,2.7,9.7,0.206,0.0679,11.9569,9.404425,0.36391866,2.6623523,-0.5419771,0.29396582,-0.021799162
2019-01-08,15,31,35,181.2,5.8,7.8,0.208,0.0597,12.0166,8.37013,0.02873042,2.0207062,-0.6396108,0.39927897,-0.05555383
2019-01-08,15,31,35,219.6,5.4,2.4,0.2099,0.0508,12.0584,7.3549875999999985,0.33518824,1.0055646999999999,-0.58951986,0.34576717,-0.04925319
2019-01-08,15,31,35,262.1,3.9,6.9,0.2126,0.0368,12.1014,7.393294999999999,0.4309563,0.6895300999999999,-0.5867971,0.32436943,-0.0758171
2019-01-08,15,31,35,301.5,4.5,6.5,0.217,0.0208,12.1631,7.8146744,-0.047884032,0.6799533,-0.5457121,0.32217032,-0.08389798
2019-01-08,15,31,35,340.5,4.4,6.4,0.2214,0.0138,12.2097,8.542512,0.1436521,0.9864110999999999,-0.37761945,0.01818633,-0.06316347
2019-01-08,15,31,35,380.9,7.1,9.1,0.228,0.0069,12.2776,9.787497,-0.10534488,1.2354081000000001,-0.3031986,-0.11007792,-0.08854055400000001
2019-01-08,15,31,35,419.8,5.2,7.2,0.2317,0.0093,12.3204,10.448297,-0.25857377,0.81402856,-0.23298400000000002,-0.16318828,-0.10812314599999999
2019-01-08,15,31,35,460.8,4.2,6.2,0.2331,0.0224,12.3646,11.60709,0.17238252,0.5363011999999999,-0.06387905,-0.42575562,-0.06012659
2019-01-08,15,31,35,501.2,4.8,5.8,0.2363,0.0355,12.4249,12.919112,0.78529817,2.0973208,0.044610616,-0.48356092,-0.02719223
2019-01-08,15,31,35,540.1,5.9,7.9,0.2367,0.0444,12.4653,11.530476,0.33518824,4.098873,-0.0071907565,-0.30920252,-0.030839968
2019-01-08,15,31,35,581.6,3.4,5.4,0.2383,0.0619,12.524,10.975019999999999,0.23942018,0.40222588,-0.061418135,0.0059515727,-0.030298917
2019-01-08,15,31,35,621.5,4.5,6.5,0.2391,0.0692,12.5658,11.36767,0.842759,2.2888567,0.022828907000000002,0.040317107000000005,-0.018360863999999998
2019-01-08,15,31,35,662.0,3.0,5.0,0.239,0.0702,12.6274,10.266336,0.6512229,1.9728221999999997,0.16088445,0.12655382,-0.052377332
2019-01-08,15,31,35,701.4,3.6,5.6,0.2407,0.063,12.6656,9.088389,0.49799395,0.9768343,0.3896622,0.13878858,-0.078330375
2019-01-08,15,31,35,741.3,4.7,6.7,0.2416,0.0528,12.7079,8.542512,0.21068975,1.4748282,0.499042,0.11831587,-0.08180358
2019-01-08,15,31,35,781.3,3.7,5.7,0.2428,0.0395,12.7643,7.2975270000000005,0.05746084,0.6607997,0.52461106,0.163293,-0.050701816
2019-01-08,15,31,35,820.2,4.8,6.8,0.243,0.0267,12.808,7.546523599999999,-0.05746084,1.5801731,0.5390623999999999,0.21699679,-0.021066124
2019-01-08,15,31,35,861.6,3.4,5.4,0.2426,0.0094,12.87,8.006210000000001,-0.06703765,0.45010993,0.5814564,0.1370607,0.049200833
2019-01-08,15,31,35,903.1,1.9,3.9,0.241,0.0069,12.9126,8.590396,0.4213795,0.2873042,0.77586865,-0.22464132,0.11758283
2019-01-08,15,31,35,940.5,4.5,9.5,0.2404,0.0109,12.959,10.457873,0.17238252,1.5993267,0.63360685,-0.12672836,0.1200961
2019-01-08,15,31,35,982.0,3.0,5.0,0.2393,0.0162,13.0215,11.051635000000001,0.019153614,0.34476504,0.5404063,-0.21240658,0.18055432
2019-01-08,15,31,36,21.4,3.6,5.6,0.2394,0.0322,13.067,12.440272,0.009576807,1.9345150000000002,0.40074503,-0.25954792,0.19959585
2019-01-08,15,31,36,63.8,1.2,3.2,0.2421,0.0462,13.132,12.459425999999999,0.24899697,2.767697,0.061802108,-0.19720475,0.13079497
2019-01-08,15,31,36,102.3,3.7,4.7,0.2428,0.0547,13.1737,11.176133,-0.17238252,1.8387468999999996,-0.2311514,-0.030194197000000002,0.06611307
2019-01-08,15,31,36,132.7,3.3,6.3,0.2462,0.0585,13.2181,10.611102,0.37349546,1.1779473,-0.35967746,0.039409533,0.031468287000000005
2019-01-08,15,31,36,171.2,4.8,6.8,0.2474,0.0626,13.2651,11.243171,-0.37349546,3.6008794,-0.5310862,0.09889036,-0.015515977
2019-01-08,15,31,36,208.6,7.4,0.4,0.2498,0.0612,13.3118,9.576807,0.20111294,2.0207062,-0.703455,0.23015657,-0.05581563
2019-01-08,15,31,36,248.5,7.5,8.5,0.2522,0.0574,13.3726,8.360553,0.009576807,1.6950948000000001,-0.84514076,0.27754226,-0.086481065
2019-01-08,15,31,36,289.0,7.0,10.0,0.2536,0.0499,13.4157,8.580819,0.34476504,1.5131354,-0.8611629000000001,0.24240878,-0.09567895
2019-01-08,15,31,36,337.9,8.0,10.0,0.2565,0.0349,13.4767,7.795521000000001,0.095768064,0.58418524,-0.8254360000000001,0.26096162,-0.12545426
2019-01-08,15,31,36,376.3,8.7,1.7,0.2585,0.0198,13.5183,8.082825,-0.30645782,1.091756,-0.80665624,0.25171140000000003,-0.13452998
2019-01-08,15,31,36,416.3,8.7,0.7,0.2624,0.0078,13.5831,7.891288799999999,-0.076614454,1.0247183000000002,-0.6664889,0.045727625,-0.11068878
2019-01-08,15,31,36,455.7,9.3,4.3,0.2661,0.0063,13.6312,8.801085,-0.047884032,-0.24899697,-0.6034825,-0.06983062599999999,-0.09075712400000001
2019-01-08,15,31,36,494.6,0.4,2.4,0.2695,0.0101,13.6947,10.323798,-0.21068975,0.37349546,-0.40327579999999996,-0.34091517,-0.03255039
2019-01-08,15,31,36,536.6,8.4,0.4,0.2694,0.0157,13.7373,11.683703999999999,-0.29688102,1.0342950999999998,-0.26359707,-0.50904274,-0.0043284167
2019-01-08,15,31,36,575.0,10.0,5.0,0.2713,0.0264,13.779,12.650962,2.2122424,2.9209259999999997,-0.25591764,-0.44476226,0.0028972465
2019-01-08,15,31,36,617.0,8.0,1.0,0.2699,0.0392,13.8375,12.727576,0.90021986,4.280833,-0.29880038,-0.25003588,-0.08299041
2019-01-08,15,31,36,655.9,10.1,1.1,0.2683,0.0514,13.8789,11.386824,0.4213795,0.842759,-0.38974947,0.062168628,-0.18336429
2019-01-08,15,31,36,696.3,0.6,2.7,0.2668,0.0627,13.9409,10.965444,0.4213795,2.8538885,-0.36456436,0.1251052,-0.19223057
2019-01-08,15,31,36,738.8,6.2,10.2,0.2661,0.0603,13.9824,9.940725,0.36391866,1.6184803,-0.32744122,0.17140879,-0.1900838
2019-01-08,15,31,36,779.2,6.8,7.8,0.2645,0.0556,14.0435,8.916007,0.24899697,1.8195933000000002,-0.30089477,0.23150048,-0.17434093
2019-01-08,15,31,36,819.6,5.4,8.4,0.2618,0.0451,14.0817,7.738060000000001,0.25857377,1.340753,-0.27021188,0.29846877,-0.16961110000000001
2019-01-08,15,31,36,857.1,9.9,10.9,0.2602,0.0336,14.1235,7.125144500000001,0.37349546,0.80445176,-0.13178982,0.30770156,-0.16533504
2019-01-08,15,31,36,898.0,9.0,1.0,0.2566,0.0198,14.1807,8.082825,0.32561144,0.8810662,-0.059777527999999996,0.3199712,-0.16100663
2019-01-08,15,31,36,938.9,6.1,8.1,0.2548,0.0125,14.2223,7.546523599999999,0.22984336,0.545878,0.1412844,-0.09813987,0.039584067
2019-01-08,15,31,36,978.4,7.6,9.6,0.2519,0.0075,14.2877,8.236053,0.30645782,0.6512229,0.19359192,-0.21895155,0.071331605
2019-01-08,15,31,37,18.8,7.2,8.2,0.2485,0.0167,14.3312,10.113108,0.23942018,1.340753,0.23884831,-0.20600120000000002,0.08049458
2019-01-08,15,31,37,59.3,6.7,8.7,0.2471,0.017,14.3745,10.563217999999999,0.20111294,-0.24899697,0.4350582,-0.39325759999999993,0.10939724
2019-01-08,15,31,37,97.7,8.3,9.3,0.2471,0.0287,14.4333,13.560759,-0.33518824,3.1986535,0.32915163,-0.24980898,0.10431833
2019-01-08,15,31,37,140.1,4.9,0.8,0.2488,0.038,14.4729,11.923124000000001,0.7182605,1.3790601,0.29136527,-0.23474678,0.13596115
2019-01-08,15,31,37,180.1,4.9,5.9,0.2511,0.0508,14.5343,11.84651,-0.32561144,3.0454244999999998,0.2351482,-0.11721631,0.116535634
2019-01-08,15,31,37,218.5,6.5,8.5,0.2519,0.0604,14.5752,11.166556,0.40222588,0.45968673,0.18648843,0.0036651914,0.11513937
2019-01-08,15,31,37,259.9,5.1,7.1,0.254,0.0632,14.6084,10.457873,-0.047884032,2.6623523,0.15603243,0.04944518,0.11222467
2019-01-08,15,31,37,298.9,6.1,11.1,0.256,0.0593,14.6637,9.289502,-0.21068975,2.480393,-0.026529005,0.22912683,0.094369955
2019-01-08,15,31,37,340.3,4.6,7.6,0.2568,0.0504,14.7039,8.532935,0.10534488,2.3463178,-0.12419763,0.31794664,0.08756317
2019-01-08,15,31,37,378.8,0.2,2.2,0.2592,0.0381,14.7631,7.9104424,-0.08619126,1.8579005000000002,-0.11381292,0.36695546,0.08405506
2019-01-08,15,31,37,419.7,5.3,10.3,0.2614,0.0241,14.804,7.345411,0.21068975,0.25857377,0.030578168,0.34578463,0.08122762
2019-01-08,15,31,37,460.1,4.9,6.9,0.2677,0.0118,14.8656,7.632714999999999,0.23942018,0.5650316,0.16913986,0.20547761,0.07108726
2019-01-08,15,31,37,501.1,3.9,5.9,0.2675,0.0062,14.9175,8.2169,-0.4405331,0.038307227,0.38964474,-0.11712904,0.092415184
2019-01-08,15,31,37,539.5,6.5,8.5,0.27,0.011,14.9557,9.011775,-0.7278373,0.6991069000000001,0.3888419,-0.16996016,0.10367256
2019-01-08,15,31,37,581.4,3.6,5.6,0.2734,0.0145,15.0111,10.840945,0.038307227,0.7086836999999999,0.3324154,-0.16177456,0.1961401
2019-01-08,15,31,37,620.4,4.6,7.6,0.2739,0.0254,15.049,11.683703999999999,0.34476504,0.47884035,0.65062386,-0.43870595,0.16301376
2019-01-08,15,31,37,664.8,1.2,2.2,0.2737,0.0376,15.1022,13.474567,0.90021986,3.5434184,0.677467,-0.40739477,0.11424925
2019-01-08,15,31,37,701.7,4.3,6.3,0.2718,0.0498,15.1388,12.038046000000001,0.61291564,4.654328,0.5556605,-0.23684117,0.0046774824
2019-01-08,15,31,37,742.2,2.8,4.8,0.2699,0.0612,15.1787,10.984597,0.5554548,-0.02873042,0.28684485,0.07620107400000001,-0.08883726
2019-01-08,15,31,37,782.6,4.4,6.4,0.268,0.0697,15.2342,11.358092999999998,0.5554548,2.3463178,0.3569373,0.04553564,-0.088872164
2019-01-08,15,31,37,821.1,3.9,5.9,0.2665,0.0666,15.2711,10.400413,0.20111294,2.480393,0.28541368,0.17470746,-0.0840376
2019-01-08,15,31,37,862.5,2.5,4.5,0.2644,0.0616,15.3279,9.136273,0.12449849,1.1971009,0.21430898,0.2957635,-0.112835534
2019-01-08,15,31,37,904.9,1.1,2.1,0.2634,0.052,15.367,7.5082164,0.5267244000000001,0.82360536,0.32011083,0.21708405,-0.13681635
2019-01-08,15,31,37,942.9,3.1,4.1,0.2611,0.0369,15.4278,7.4986396,0.19153613,0.90021986,0.35266122,0.26010639999999996,-0.10962413
2019-01-08,15,31,37,984.8,0.2,2.2,0.2592,0.0236,15.467,7.1155677,0.047884032,0.79487497,0.37083012,0.27180013,-0.071750484
2019-01-08,15,31,38,23.2,1.8,4.8,0.2578,0.0161,15.504,8.130709,0.1436521,0.9959879,0.6227159999999999,-0.11623893,0.08550368
2019-01-08,15,31,38,62.2,2.8,4.8,0.255,0.012,15.5612,8.485051,0.6607997,0.8331822,0.76810193,-0.29129544,0.11657054
2019-01-08,15,31,38,106.1,8.9,2.9,0.2537,0.0208,15.5987,10.093954,0.29688102,0.81402856,0.5550496,-0.11440633,0.10402162400000001
2019-01-08,15,31,38,147.5,7.5,0.5,0.2532,0.0252,15.6544,12.229582,0.21068975,1.8483237000000001,0.5913874,-0.13953908,0.13065535
2019-01-08,15,31,38,188.0,8.0,11.0,0.2542,0.0372,15.6891,13.608642999999999,0.34476504,0.23942018,0.6342352,-0.22839378,0.13074261
2019-01-08,15,31,38,226.4,9.6,1.6,0.2569,0.0484,15.7229,12.306197000000001,-0.90021986,5.066130599999999,0.60756654,-0.20936969,0.123848565
2019-01-08,15,31,38,263.4,1.6,3.6,0.2601,0.062,15.7763,11.789049,-0.21068975,2.2888567,0.26424286,0.105260804,0.15725416
2019-01-08,15,31,38,306.3,8.7,0.7,0.2628,0.0687,15.814,10.007763,-0.095768064,0.9864110999999999,0.19071212,0.10653489999999999,0.13056809
2019-01-08,15,31,38,345.7,0.2,1.2,0.2666,0.0709,15.8686,10.132261,-0.6991069000000001,3.5434184,0.14538592,0.09154252,0.114790305
2019-01-08,15,31,38,388.2,8.8,9.8,0.2706,0.0646,15.9007,8.992621,-0.047884032,2.0973208,-0.13285446,0.32410765,0.12461651
2019-01-08,15,31,38,427.1,7.9,10.9,0.2736,0.0576,15.9386,8.063671000000001,0.1436521,1.4556746,-0.17132153,0.29487340000000006,0.13166764
2019-01-08,15,31,38,464.6,1.4,2.4,0.278,0.0457,15.9938,8.1881695,0.4309563,2.1930888,-0.17406169,0.28251645,0.08953539
2019-01-08,15,31,38,504.0,1.0,2.0,0.2815,0.0301,16.0338,8.63828,0.62249243,1.13964,-0.16811012,0.30250046,0.043668135999999996
2019-01-08,15,31,38,541.9,3.1,5.1,0.2851,0.0191,16.0742,7.833828,0.50757074,0.19153613,-0.12924163,0.30112165,0.003944444
2019-01-08,15,31,38,577.9,7.1,9.1,0.2898,0.008,16.1295,8.312667999999999,-0.038307227,1.5705963,0.22490312,-0.10088003,-0.043685592999999995
2019-01-08,15,31,38,607.3,6.7,12.7,0.2915,0.0096,16.15,9.078813,0.009576807,1.1109096,0.20195204,-0.05639159,-0.03874631
2019-01-08,15,31,38,647.8,7.2,10.2,0.2954,0.0181,16.2151,8.8777,0.19153613,-0.20111294,0.21697932,-0.037803832,-0.016126841
2019-01-08,15,31,38,674.2,0.8,2.8,0.297,0.0178,16.2356,11.233594,0.076614454,1.043872,0.29368654,-0.1526465,-0.0062482785
2019-01-08,15,31,38,713.7,1.3,3.3,0.2996,0.0328,16.3291,12.133814,-0.18195933,-0.49799395,0.56518996,-0.5140867,0.015934857
2019-01-08,15,31,38,751.6,3.4,5.4,0.3001,0.0431,16.3745,12.181697999999999,0.08619126,0.5554548,0.66586053,-0.6541494000000001,0.035342917
2019-01-08,15,31,38,791.0,5.0,6.0,0.2999,0.0566,16.4167,11.750742,1.2545617,5.8226986,0.49548152,-0.45010296,0.025010569
2019-01-08,15,31,38,831.0,4.0,9.0,0.2997,0.0709,16.4765,10.352528999999999,0.40222588,2.6910827,0.12376129599999999,0.07054621,-0.036285397000000004
2019-01-08,15,31,38,870.9,5.1,7.1,0.3003,0.0715,16.519,10.898406,1.0821792,-0.46926352,0.10419615,0.0856084,-0.025080381000000002
2019-01-08,15,31,38,911.9,3.1,5.1,0.3018,0.0649,16.5789,11.022903999999999,1.0247183000000002,2.825158,0.14250614,0.022776546,-0.062412973
2019-01-08,15,31,38,951.8,3.2,7.2,0.3023,0.0577,16.6187,8.963891,0.32561144,1.2545617,0.117844634,0.07824311,-0.13398893
2019-01-08,15,31,38,991.7,3.3,5.3,0.3022,0.0484,16.661,9.050082000000002,0.7182605,1.8674773,0.04548328,0.20404644,-0.14133677
2019-01-08,15,31,39,34.2,0.8,2.8,0.3011,0.0354,16.7222,7.9104424,0.2777274,1.0055646999999999,0.07230899,0.2665467,-0.14402457
2019-01-08,15,31,39,70.6,6.4,7.4,0.2997,0.0236,16.7672,8.149861999999999,-0.18195933,0.82360536,0.015498524,0.3741288,-0.14927801
2019-01-08,15,31,39,114.0,1.0,3.0,0.2972,0.0158,16.8303,8.101977999999999,0.17238252,0.81402856,0.026651177999999998,0.29621729999999996,-0.11651818
2019-01-08,15,31,39,154.0,1.0,3.0,0.2939,0.0151,16.8761,8.561666,0.24899697,0.7086836999999999,0.2777866,-0.2942625,0.020786871999999998
2019-01-08,15,31,39,194.4,3.6,6.6,0.2908,0.0228,16.9384,8.6095495,0.095768064,-0.31603462,0.2181138,-0.25642377,0.04855506
2019-01-08,15,31,39,234.3,0.7,2.7,0.2899,0.0246,16.9807,10.093954,0.8810662,1.2545617,0.15987216,-0.22734658,0.08969247
2019-01-08,15,31,39,275.3,9.6,1.7,0.2909,0.0355,17.0217,10.601525,0.0,0.94810385,0.15001105,-0.27799603,0.08309512599999999
2019-01-08,15,31,39,313.7,1.3,3.3,0.291,0.0478,17.0799,10.831368,0.63206923,1.3503298000000001,0.0922581,-0.2761809,0.078731805
2019-01-08,15,31,39,353.7,2.3,4.3,0.2913,0.0574,17.1221,12.689269,0.34476504,-0.6703765,0.024068091,-0.2766347,0.07990117
2019-01-08,15,31,39,394.6,0.4,2.4,0.2918,0.0676,17.1841,11.664551,-0.89064306,3.1507695,-0.013456488,-0.2679953,0.07131415599999999
2019-01-08,15,31,39,436.0,9.0,2.0,0.2928,0.0673,17.2254,11.434708,0.019153614,0.78529817,-0.05773549,-0.14568263,0.08588765599999999
2019-01-08,15,31,39,474.0,1.0,3.0,0.2942,0.0612,17.2667,10.94629,-0.63206923,2.96881,-0.18915878,0.077248275,0.1104968
2019-01-08,15,31,39,512.9,2.1,7.1,0.296,0.053,17.3255,9.528922999999999,-0.7374141,2.8921957000000003,-0.40036106,0.36295867,0.1439373
2019-01-08,15,31,39,554.3,0.7,4.7,0.2979,0.0422,17.3687,8.839393,0.076614454,2.0015526,-0.48846530000000005,0.44151595,0.16887806
2019-01-08,15,31,39,592.8,2.2,4.2,0.3023,0.0256,17.4303,8.446744,0.5363011999999999,1.2066777,-0.41961205,0.34752995,0.13796827
2019-01-08,15,31,39,633.2,1.8,3.8,0.3061,0.0139,17.4715,7.8625584,0.13407529999999998,0.36391866,-0.37917277,0.28939304,0.07150614
2019-01-08,15,31,39,674.1,0.9,2.9,0.3103,0.0094,17.5143,8.475474,0.019153614,1.13964,-0.35433674,0.25157174,0.040544
2019-01-08,15,31,39,711.1,3.9,6.9,0.3152,0.0098,17.5777,8.686164,-0.23942018,0.7374141,-0.33407348,0.23258257,0.037140608
2019-01-08,15,31,39,748.0,9.0,12.0,0.3186,0.0169,17.6177,8.7532015,-0.038307227,0.36391866,-0.2771234,0.13948672,0.006387905
2019-01-08,15,31,39,793.5,1.5,4.5,0.3195,0.0216,17.6611,10.017339999999999,-0.2873042,0.9576806999999999,-0.16840681,-0.14568263,0.0031241393
2019-01-08,15,31,39,832.9,2.1,4.1,0.3214,0.0327,17.7209,10.084377,0.36391866,-0.21068975,0.007522369300000001,-0.48041934,-0.058538344000000006
2019-01-08,15,31,39,869.8,6.2,8.2,0.3212,0.0439,17.7624,11.405977,0.076614454,1.5035586,0.06515314400000001,-0.5119749,-0.12608258
2019-01-08,15,31,39,907.3,8.7,10.7,0.3208,0.0572,17.8226,11.626244,0.38307226,0.842759,0.0017104226999999999,-0.4104491,-0.08791223
2019-01-08,15,31,39,947.7,7.3,9.3,0.3203,0.0625,17.8621,12.133814,2.1164744,0.6512229,-0.062674776,-0.3201632,-0.07400196
2019-01-08,15,31,39,989.2,6.8,7.8,0.3209,0.0635,17.9028,11.310209,0.5746084,4.4915223,-0.11079349999999999,-0.19172442,-0.20073032
2019-01-08,15,31,40,28.6,6.4,1.4,0.3213,0.0591,17.9589,9.414000999999999,-0.33518824,1.733402,-0.2083225,0.100146994,-0.21694443
2019-01-08,15,31,40,66.5,9.5,1.5,0.3214,0.0512,17.9953,10.0748005,0.45968673,0.5650316,-0.27557003,0.21964969,-0.16474162
2019-01-08,15,31,40,105.0,10.0,2.0,0.3214,0.04,18.031,9.854534,0.32561144,2.1068976000000004,-0.24392721,0.13035864,-0.14542083
2019-01-08,15,31,40,147.4,8.6,1.6,0.32,0.026,18.0872,9.548077000000001,0.50757074,3.0454244999999998,-0.2808933,0.19455186,-0.17463765
2019-01-08,15,31,40,188.8,6.2,11.2,0.3182,0.0159,18.1276,9.5385,0.41180268,1.1492168,-0.3565882,0.40338048,-0.15964526
2019-01-08,15,31,40,230.3,5.7,7.7,0.3162,0.0078,18.1832,8.887277000000001,0.39264908,0.40222588,-0.29515263,0.26972318,-0.14379768
2019-01-08,15,31,40,271.2,3.8,5.8,0.3129,0.0138,18.2127,9.203311,0.047884032,2.3080103,-0.26581365,0.23951153,-0.12395328
2019-01-08,15,31,40,310.6,4.4,8.4,0.3124,0.0172,18.2608,8.781932000000001,0.25857377,2.2122424,-0.30832985,0.21490239,0.033632495
2019-01-08,15,31,40,361.6,3.4,8.4,0.3142,0.0294,18.304,9.069236,0.22984336,2.3942018,-0.30098203,0.111090206,0.019634955
2019-01-08,15,31,40,401.0,4.0,5.9,0.3155,0.0372,18.3011,9.710882000000002,0.5363011999999999,0.8810662,-0.2933375,0.10264281,-0.022148227000000003
2019-01-08,15,31,40,445.4,9.6,1.6,0.3186,0.0507,18.3444,10.141838,0.12449849,0.39264908,-0.2635098,0.035639625,-0.042481314000000006
2019-01-08,15,31,40,483.4,1.6,5.6,0.3211,0.0575,18.3709,10.266336,-0.61291564,2.1643584,-0.22020820000000002,-0.17791887,-0.01733112
2019-01-08,15,31,40,523.3,1.7,4.7,0.3233,0.0579,18.4001,10.716447,-0.19153613,2.0781669999999997,-0.28626890000000005,-0.1566433,0.06005678
2019-01-08,15,31,40,565.2,9.8,1.7,0.326,0.0522,18.442,10.170568,0.0,1.4269443000000002,-0.4094717,-0.054716073,0.10665707
2019-01-08,15,31,40,604.2,3.8,5.8,0.3276,0.0454,18.4765,10.448297,-0.047884032,0.11492168,-0.4378333,-0.036704276,0.07337364
2019-01-08,15,31,40,647.1,7.9,9.9,0.3301,0.0328,18.526,10.0748005,0.047884032,1.0247183000000002,-0.33763394,-0.29462904,0.05609488
2019-01-08,15,31,40,685.6,9.3,1.4,0.3325,0.0192,18.5631,10.065224,0.16280572,1.8579005000000002,-0.3199363,-0.34815827,0.049549895999999996
2019-01-08,15,31,40,724.5,2.5,3.5,0.3367,0.002,18.6152,9.375694000000001,-0.17238252,2.8060042999999997,-0.33723253,-0.22879522,0.053511795
2019-01-08,15,31,40,764.9,0.1,2.1,0.3391,-0.0024,18.6567,9.394848,0.02873042,2.327164,-0.43477896,0.060650192,0.059515726
2019-01-08,15,31,40,801.9,4.1,5.1,0.3417,0.0002,18.6981,10.362105,0.17238252,2.183512,-0.45806167,0.23343779,0.020228365
2019-01-08,15,31,40,840.3,5.7,8.7,0.3458,0.0041,18.7526,9.069236,-0.16280572,1.8004397,-0.39121556,0.13796827,-0.015882496
2019-01-08,15,31,40,881.8,3.2,5.2,0.3462,0.0089,18.79,9.414000999999999,0.46926352,2.135628,-0.33660419999999996,0.107791536,-0.06600835
2019-01-08,15,31,40,920.7,4.3,6.3,0.3476,0.0165,18.8298,7.6135616,-0.6895300999999999,1.8195933000000002,-0.3390651,0.18322466,-0.07361799
2019-01-08,15,31,40,961.6,3.4,6.4,0.3471,0.0291,18.8871,9.643844999999999,-0.51714754,2.8538885,-0.39786527,0.39618975,-0.061767202
2019-01-08,15,31,41,1.6,3.4,5.4,0.3457,0.0408,18.9268,9.873688000000001,-0.45968673,1.9536686,-0.4134685,0.37795106,0.005183628
2019-01-08,15,31,41,38.0,7.0,11.0,0.3451,0.0493,18.9617,10.055647,-0.5554548,1.7429788,-0.39098865,0.24445081,0.052499502999999996
2019-01-08,15,31,41,79.4,6.5,8.6,0.3443,0.0514,19.0252,10.773908,0.08619126,1.9440918000000003,-0.31606168,0.08796459400000001,0.029862582999999998
2019-01-08,15,31,41,118.9,6.1,1.1,0.3443,0.0445,19.0649,9.155427,-0.13407529999999998,1.9057846,-0.25970498,-0.017261306,0.01743584
2019-01-08,15,31,41,158.3,6.7,10.7,0.3439,0.0331,19.1254,9.911995,0.48841715,1.6089035,-0.19725712,-0.047787115,0.005358161
2019-01-08,15,31,41,203.3,6.7,8.7,0.3433,0.0211,19.166,9.959878999999999,0.62249243,1.1300632,-0.1068316,-0.1362055,-0.015934857
2019-01-08,15,31,41,241.7,3.3,5.3,0.342,0.0057,19.2277,9.040505,0.06703765,1.5705963,-0.0050440015999999996,-0.184778,-0.05715953
2019-01-08,15,31,41,285.6,4.4,5.4,0.3407,-0.0021,19.2697,10.409989,0.26815059999999996,2.2601264,0.049113564000000005,-0.16688839,-0.13788101
2019-01-08,15,31,41,326.6,8.4,1.4,0.3388,-0.0068,19.3374,9.519346,0.6512229,0.94810385,0.06354744,-0.12786283,-0.14297737
2019-01-08,15,31,41,369.0,-12.0,-10.0,0.3384,0.0031,19.3802,9.844957,0.60333884,1.3311761999999998,0.13550736,-0.15344934,-0.16701056
2019-01-08,15,31,41,408.4,-51.4,-49.4,0.3383,0.0095,19.4446,9.844957,0.60333884,1.3311761999999998,0.13550736,-0.15344934,-0.16701056
2019-01-08,15,31,41,452.9,-95.9,-93.9,0.3421,0.0208,19.4875,9.844957,0.60333884,1.3311761999999998,0.13550736,-0.15344934,-0.16701056
2019-01-08,15,31,41,493.3,-136.3,-134.3,0.3447,0.036,19.5477,9.844957,0.60333884,1.3311761999999998,0.13550736,-0.15344934,-0.16701056
2019-01-08,15,31,41,530.2,-173.2,-171.2,0.3466,0.0464,19.585,9.844957,0.60333884,1.3311761999999998,0.13550736,-0.15344934,-0.16701056
2019-01-08,15,31,41,571.7,-214.7,-212.7,0.3483,0.0528,19.6239,9.844957,0.60333884,1.3311761999999998,0.13550736,-0.15344934,-0.16701056
2019-01-08,15,31,41,615.1,-258.1,-256.1,0.3505,0.0522,19.6769,9.844957,0.60333884,1.3311761999999998,0.13550736,-0.15344934,-0.16701056
2019-01-08,15,31,41,653.0,-296.0,-294.0,0.3517,0.0459,19.7142,9.844957,0.60333884,1.3311761999999998,0.13550736,-0.15344934,-0.16701056
2019-01-08,15,31,41,695.5,-338.5,-336.5,0.3508,0.0333,19.7645,9.844957,0.60333884,1.3311761999999998,0.13550736,-0.15344934,-0.16701056
2019-01-08,15,31,41,734.4,-377.4,-375.4,0.3504,0.0193,19.8003,9.844957,0.60333884,1.3311761999999998,0.13550736,-0.15344934,-0.16701056
2019-01-08,15,31,41,775.3,-418.3,-416.3,0.3514,0.0028,19.8541,9.844957,0.60333884,1.3311761999999998,0.13550736,-0.15344934,-0.16701056
2019-01-08,15,31,41,816.3,-459.3,-457.3,0.3526,-0.0064,19.8904,9.844957,0.60333884,1.3311761999999998,0.13550736,-0.15344934,-0.16701056
2019-01-08,15,31,41,853.7,-496.7,-494.7,0.3544,-0.0084,19.9335,9.844957,0.60333884,1.3311761999999998,0.13550736,-0.15344934,-0.16701056
2019-01-08,15,31,41,897.2,-540.2,-538.2,0.3577,-0.0008,19.9937,9.844957,0.60333884,1.3311761999999998,0.13550736,-0.15344934,-0.16701056
2019-01-08,15,31,41,938.1,-581.1,-579.1,0.3589,0.0015,20.0385,9.844957,0.60333884,1.3311761999999998,0.13550736,-0.15344934,-0.16701056
2019-01-08,15,31,41,978.5,-621.5,-619.5,0.3606,0.0116,20.1004,9.844957,0.60333884,1.3311761999999998,0.13550736,-0.15344934,-0.16701056
2019-01-08,15,31,42,19.0,-662.0,-660.0,0.3611,0.0208,20.1489,9.844957,0.60333884,1.3311761999999998,0.13550736,-0.15344934,-0.16701056
2019-01-08,15,31,42,55.9,-698.9,-696.9,0.3609,0.0342,20.2101,9.844957,0.60333884,1.3311761999999998,0.13550736,-0.15344934,-0.16701056
2019-01-08,15,31,42,96.3,-739.3,-737.3,0.3606,0.0418,20.2527,9.844957,0.60333884,1.3311761999999998,0.13550736,-0.15344934,-0.16701056
2019-01-08,15,31,42,134.3,-777.3,-775.3,0.3605,0.0447,20.2977,9.844957,0.60333884,1.3311761999999998,0.13550736,-0.15344934,-0.16701056
2019-01-08,15,31,42,170.7,-813.7,-811.7,0.3608,0.0406,20.3396,9.844957,0.60333884,1.3311761999999998,0.13550736,-0.15344934,-0.16701056
2019-01-08,15,31,42,211.7,-854.7,-852.7,0.3605,0.0315,20.4006,9.844957,0.60333884,1.3311761999999998,0.13550736,-0.15344934,-0.16701056
2019-01-08,15,31,42,250.1,-893.1,-891.1,0.36,0.022,20.4455,9.844957,0.60333884,1.3311761999999998,0.13550736,-0.15344934,-0.16701056
2019-01-08,15,31,42,287.0,-930.0,-928.0,0.3595,0.012,20.4933,9.844957,0.60333884,1.3311761999999998,0.13550736,-0.15344934,-0.16701056
2019-01-08,15,31,42,327.5,-970.5,-968.5,0.3568,-0.0013,20.5571,9.844957,0.60333884,1.3311761999999998,0.13550736,-0.15344934,-0.16701056
2019-01-08,15,31,42,370.9,-1013.9,-1011.9,0.3547,-0.0076,20.6035,9.844957,0.60333884,1.3311761999999998,0.13550736,-0.15344934,-0.16701056
2019-01-08,15,31,42,411.4,-1054.4,-1052.4,0.3517,-0.0089,20.6723,9.844957,0.60333884,1.3311761999999998,0.13550736,-0.15344934,-0.16701056
2019-01-08,15,31,42,452.8,-1095.8,-1093.8,0.3508,-0.0007,20.7186,9.844957,0.60333884,1.3311761999999998,0.13550736,-0.15344934,-0.16701056
2019-01-08,15,31,42,495.7,-1138.7,-1136.7,0.3487,0.0073,20.7846,9.844957,0.60333884,1.3311761999999998,0.13550736,-0.15344934,-0.16701056
2019-01-08,15,31,42,538.6,-1181.6,-1179.6,0.3503,0.0153,20.8309,9.844957,0.60333884,1.3311761999999998,0.13550736,-0.15344934,-0.16701056
2019-01-08,15,31,42,575.1,-1218.1,-1216.1,0.3519,0.0248,20.893,9.844957,0.60333884,1.3311761999999998,0.13550736,-0.15344934,-0.16701056
2019-01-08,15,31,42,619.5,-1262.5,-1260.5,0.3525,0.0344,20.9377,9.844957,0.60333884,1.3311761999999998,0.13550736,-0.15344934,-0.16701056
2019-01-08,15,31,42,657.0,-1300.0,-1298.0,0.3533,0.043,21.0009,9.844957,0.60333884,1.3311761999999998,0.13550736,-0.15344934,-0.16701056
2019-01-08,15,31,42,694.9,-1337.9,-1335.9,0.3549,0.0394,21.0411,9.844957,0.60333884,1.3311761999999998,0.13550736,-0.15344934,-0.16701056
2019-01-08,15,31,42,733.8,-1376.8,-1374.8,0.3563,0.0332,21.0843,9.844957,0.60333884,1.3311761999999998,0.13550736,-0.15344934,-0.16701056
2019-01-08,15,31,42,779.8,-1422.8,-1420.8,0.3582,0.0251,21.1463,9.844957,0.60333884,1.3311761999999998,0.13550736,-0.15344934,-0.16701056
2019-01-08,15,31,42,817.7,-1460.7,-1458.7,0.3592,0.013,21.1877,9.844957,0.60333884,1.3311761999999998,0.13550736,-0.15344934,-0.16701056
2019-01-08,15,31,42,855.6,-1498.6,-1496.6,0.3615,-0.0034,21.253,9.844957,0.60333884,1.3311761999999998,0.13550736,-0.15344934,-0.16701056
2019-01-08,15,31,42,900.1,-1543.1,-1541.1,0.3663,-0.0127,21.2952,9.844957,0.60333884,1.3311761999999998,0.13550736,-0.15344934,-0.16701056
2019-01-08,15,31,42,940.5,-1583.5,-1581.5,0.3719,-0.0186,21.3626,9.844957,0.60333884,1.3311761999999998,0.13550736,-0.15344934,-0.16701056
2019-01-08,15,31,42,983.9,-1626.9,-1624.9,0.375,-0.0097,21.4048,9.844957,0.60333884,1.3311761999999998,0.13550736,-0.15344934,-0.16701056
2019-01-08,15,31,43,19.9,-1662.9,-1660.9,0.3759,-0.0068,21.4489,9.844957,0.60333884,1.3311761999999998,0.13550736,-0.15344934,-0.16701056
2019-01-08,15,31,43,61.3,-1704.3,-1702.3,0.3788,0.0034,21.5082,9.844957,0.60333884,1.3311761999999998,0.13550736,-0.15344934,-0.16701056
2019-01-08,15,31,43,101.3,-1744.3,-1742.3,0.378,0.0166,21.5502,9.844957,0.60333884,1.3311761999999998,0.13550736,-0.15344934,-0.16701056
2019-01-08,15,31,43,140.2,-1783.2,-1781.2,0.3778,0.0331,21.61,9.844957,0.60333884,1.3311761999999998,0.13550736,-0.15344934,-0.16701056
2019-01-08,15,31,43,180.1,-1823.1,-1821.1,0.3765,0.0398,21.6492,9.844957,0.60333884,1.3311761999999998,0.13550736,-0.15344934,-0.16701056
2019-01-08,15,31,43,218.6,-1861.6,-1859.6,0.3751,0.0402,21.6907,9.844957,0.60333884,1.3311761999999998,0.13550736,-0.15344934,-0.16701056
2019-01-08,15,31,43,257.0,-1900.0,-1898.0,0.3733,0.0381,21.7499,9.844957,0.60333884,1.3311761999999998,0.13550736,-0.15344934,-0.16701056
2019-01-08,15,31,43,296.0,-1939.0,-1937.0,0.3725,0.029,21.7904,9.844957,0.60333884,1.3311761999999998,0.13550736,-0.15344934,-0.16701056
2019-01-08,15,31,43,336.4,-1979.4,-1977.4,0.3719,0.0183,21.8345,9.844957,0.60333884,1.3311761999999998,0.13550736,-0.15344934,-0.16701056
2019-01-08,15,31,43,376.8,-2019.8,-2017.8,0.3715,0.0036,21.8958,9.844957,0.60333884,1.3311761999999998,0.13550736,-0.15344934,-0.16701056
2019-01-08,15,31,43,411.3,-2054.3,-2052.3,0.3697,-0.0068,21.9418,9.844957,0.60333884,1.3311761999999998,0.13550736,-0.15344934,-0.16701056
2019-01-08,15,31,43,450.2,-2093.2,-2091.2,0.3675,-0.0122,21.9845,9.844957,0.60333884,1.3311761999999998,0.13550736,-0.15344934,-0.16701056
2019-01-08,15,31,43,486.7,-2129.7,-2127.7,0.3653,-0.0145,22.0271,9.844957,0.60333884,1.3311761999999998,0.13550736,-0.15344934,-0.16701056
2019-01-08,15,31,43,524.1,-2167.1,-2165.1,0.3618,-0.0058,22.0914,9.844957,0.60333884,1.3311761999999998,0.13550736,-0.15344934,-0.16701056
2019-01-08,15,31,43,560.5,-2203.5,-2201.5,0.3621,-0.0034,22.137,9.844957,0.60333884,1.3311761999999998,0.13550736,-0.15344934,-0.16701056
2019-01-08,15,31,43,598.0,-2241.0,-2239.0,0.3621,0.0053,22.1814,9.844957,0.60333884,1.3311761999999998,0.13550736,-0.15344934,-0.16701056
2019-01-08,15,31,43,641.9,-2284.9,-2282.9,0.3639,0.0201,22.2436,9.844957,0.60333884,1.3311761999999998,0.13550736,-0.15344934,-0.16701056
2019-01-08,15,31,43,680.9,-2323.9,-2321.9,0.3654,0.0317,22.2852,9.844957,0.60333884,1.3311761999999998,0.13550736,-0.15344934,-0.16701056
2019-01-08,15,31,43,718.3,-2361.3,-2359.3,0.3668,0.0397,22.3306,9.844957,0.60333884,1.3311761999999998,0.13550736,-0.15344934,-0.16701056
2019-01-08,15,31,43,758.7,-2401.7,-2399.7,0.3693,0.0417,22.3914,9.844957,0.60333884,1.3311761999999998,0.13550736,-0.15344934,-0.16701056
2019-01-08,15,31,43,799.7,-2442.7,-2440.7,0.3718,0.0338,22.4343,9.844957,0.60333884,1.3311761999999998,0.13550736,-0.15344934,-0.16701056
2019-01-08,15,31,43,837.1,-2480.1,-2478.1,0.3743,0.0266,22.4748,9.844957,0.60333884,1.3311761999999998,0.13550736,-0.15344934,-0.16701056
2019-01-08,15,31,43,877.0,-2520.0,-2518.0,0.3784,0.0142,22.5337,9.844957,0.60333884,1.3311761999999998,0.13550736,-0.15344934,-0.16701056
2019-01-08,15,31,43,913.5,-2556.5,-2554.5,0.3822,0.0021,22.5755,9.844957,0.60333884,1.3311761999999998,0.13550736,-0.15344934,-0.16701056
2019-01-08,15,31,43,953.4,-2596.4,-2594.4,0.3857,-0.0079,22.6158,9.844957,0.60333884,1.3311761999999998,0.13550736,-0.15344934,-0.16701056
2019-01-08,15,31,43,989.4,-2632.4,-2630.4,0.3912,-0.0176,22.6742,9.844957,0.60333884,1.3311761999999998,0.13550736,-0.15344934,-0.16701056
2019-01-08,15,31,44,28.3,-2671.3,-2669.3,0.3966,-0.017,22.7146,9.844957,0.60333884,1.3311761999999998,0.13550736,-0.15344934,-0.16701056
2019-01-08,15,31,44,68.2,-2711.2,-2709.2,0.4,-0.0118,22.7534,9.844957,0.60333884,1.3311761999999998,0.13550736,-0.15344934,-0.16701056
2019-01-08,15,31,44,105.2,-2748.2,-2746.2,0.4041,-0.0098,22.8145,9.844957,0.60333884,1.3311761999999998,0.13550736,-0.15344934,-0.16701056
2019-01-08,15,31,44,145.1,-2788.1,-2786.1,0.4057,0.0032,22.8568,9.844957,0.60333884,1.3311761999999998,0.13550736,-0.15344934,-0.16701056
2019-01-08,15,31,44,185.6,-2828.6,-2826.6,0.4061,0.0133,22.8998,9.844957,0.60333884,1.3311761999999998,0.13550736,-0.15344934,-0.16701056
2019-01-08,15,31,44,221.0,-2864.0,-2862.0,0.4064,0.0268,22.9586,9.844957,0.60333884,1.3311761999999998,0.13550736,-0.15344934,-0.16701056
2019-01-08,15,31,44,262.9,-2905.9,-2903.9,0.4064,0.0353,22.9999,9.844957,0.60333884,1.3311761999999998,0.13550736,-0.15344934,-0.16701056
2019-01-08,15,31,44,299.9,-2942.9,-2940.9,0.4069,0.038,23.0425,9.844957,0.60333884,1.3311761999999998,0.13550736,-0.15344934,-0.16701056
2019-01-08,15,31,44,345.8,-2988.8,-2986.8,0.4077,0.0321,23.101,9.844957,0.60333884,1.3311761999999998,0.13550736,-0.15344934,-0.16701056
2019-01-08,15,31,44,382.8,-3025.8,-3023.8,0.408,0.0224,23.1413,9.844957,0.60333884,1.3311761999999998,0.13550736,-0.15344934,-0.16701056
2019-01-08,15,31,44,422.2,-3065.2,-3063.2,0.4073,0.0073,23.2029,9.844957,0.60333884,1.3311761999999998,0.13550736,-0.15344934,-0.16701056
2019-01-08,15,31,44,462.1,-3105.1,-3103.1,0.4065,-0.0041,23.2427,9.844957,0.60333884,1.3311761999999998,0.13550736,-0.15344934,-0.16701056
2019-01-08,15,31,44,499.1,-3142.1,-3140.1,0.405,-0.0146,23.284,9.844957,0.60333884,1.3311761999999998,0.13550736,-0.15344934,-0.16701056
2019-01-08,15,31,44,535.5,-3178.5,-3176.5,0.4036,-0.0199,23.32,9.844957,0.60333884,1.3311761999999998,0.13550736,-0.15344934,-0.16701056
2019-01-08,15,31,44,574.4,-3217.4,-3215.4,0.4003,-0.0202,23.3788,9.844957,0.60333884,1.3311761999999998,0.13550736,-0.15344934,-0.16701056
2019-01-08,15,31,44,611.4,-3254.4,-3252.4,0.4009,-0.0154,23.4179,9.844957,0.60333884,1.3311761999999998,0.13550736,-0.15344934,-0.16701056
2019-01-08,15,31,44,650.8,-3293.8,-3291.8,0.4003,-0.01,23.4541,9.844957,0.60333884,1.3311761999999998,0.13550736,-0.15344934,-0.16701056
2019-01-08,15,31,44,690.8,-3333.8,-3331.8,0.4022,0.001,23.5082,9.844957,0.60333884,1.3311761999999998,0.13550736,-0.15344934,-0.16701056
2019-01-08,15,31,44,726.2,-3369.2,-3367.2,0.4033,0.0124,23.5446,9.844957,0.60333884,1.3311761999999998,0.13550736,-0.15344934,-0.16701056
2019-01-08,15,31,44,764.1,-3407.1,-3405.1,0.4049,0.0231,23.5817,9.844957,0.60333884,1.3311761999999998,0.13550736,-0.15344934,-0.16701056
2019-01-08,15,31,44,803.6,-3446.6,-3444.6,0.4068,0.0292,23.6159,9.844957,0.60333884,1.3311761999999998,0.13550736,-0.15344934,-0.16701056
2019-01-08,15,31,44,839.5,-3482.5,-3480.5,0.4087,0.0346,23.6672,9.844957,0.60333884,1.3311761999999998,0.13550736,-0.15344934,-0.16701056
2019-01-08,15,31,44,877.5,-3520.5,-3518.5,0.4091,0.0313,23.705,9.844957,0.60333884,1.3311761999999998,0.13550736,-0.15344934,-0.16701056
2019-01-08,15,31,44,916.4,-3559.4,-3557.4,0.41,0.0253,23.7414,9.844957,0.60333884,1.3311761999999998,0.13550736,-0.15344934,-0.16701056
2019-01-08,15,31,44,955.9,-3598.9,-3596.9,0.4121,0.0151,23.7932,9.844957,0.60333884,1.3311761999999998,0.13550736,-0.15344934,-0.16701056
2019-01-08,15,31,44,994.3,-3637.3,-3635.3,0.4151,0.002,23.829,9.844957,0.60333884,1.3311761999999998,0.13550736,-0.15344934,-0.16701056
2019-01-08,15,31,45,34.7,-3677.7,-3675.7,0.4185,-0.0101,23.8673,9.844957,0.60333884,1.3311761999999998,0.13550736,-0.15344934,-0.16701056
2019-01-08,15,31,45,70.2,-3713.2,-3711.2,0.4235,-0.0214,23.9209,9.844957,0.60333884,1.3311761999999998,0.13550736,-0.15344934,-0.16701056
2019-01-08,15,31,45,109.1,-3752.1,-3750.1,0.4281,-0.0216,23.9594,9.844957,0.60333884,1.3311761999999998,0.13550736,-0.15344934,-0.16701056
2019-01-08,15,31,45,151.0,-3794.0,-3792.0,0.4317,-0.0131,24.0015,9.844957,0.60333884,1.3311761999999998,0.13550736,-0.15344934,-0.16701056
2019-01-08,15,31,45,190.5,-3833.5,-3831.5,0.4356,-0.0076,24.0565,9.844957,0.60333884,1.3311761999999998,0.13550736,-0.15344934,-0.16701056
2019-01-08,15,31,45,227.9,-3870.9,-3868.9,0.4356,-0.0017,24.0918,9.844957,0.60333884,1.3311761999999998,0.13550736,-0.15344934,-0.16701056
2019-01-08,15,31,45,266.4,-3909.4,-3907.4,0.437,0.0066,24.13,9.844957,0.60333884,1.3311761999999998,0.13550736,-0.15344934,-0.16701056
2019-01-08,15,31,45,306.3,-3949.3,-3947.3,0.4376,0.0172,24.1829,9.844957,0.60333884,1.3311761999999998,0.13550736,-0.15344934,-0.16701056
2019-01-08,15,31,45,342.2,-3985.2,-3983.2,0.4384,0.0262,24.2188,9.844957,0.60333884,1.3311761999999998,0.13550736,-0.15344934,-0.16701056
2019-01-08,15,31,45,383.7,-4026.7,-4024.7,0.4395,0.0322,24.258,9.844957,0.60333884,1.3311761999999998,0.13550736,-0.15344934,-0.16701056
2019-01-08,15,31,45,421.6,-4064.6,-4062.6,0.4406,0.0368,24.311,9.844957,0.60333884,1.3311761999999998,0.13550736,-0.15344934,-0.16701056
2019-01-08,15,31,45,462.1,-4105.1,-4103.1,0.4412,0.0324,24.3494,9.844957,0.60333884,1.3311761999999998,0.13550736,-0.15344934,-0.16701056
2019-01-08,15,31,45,501.0,-4144.0,-4142.0,0.4413,0.0252,24.386,9.844957,0.60333884,1.3311761999999998,0.13550736,-0.15344934,-0.16701056
2019-01-08,15,31,45,540.4,-4183.4,-4181.4,0.4407,0.0154,24.44,9.844957,0.60333884,1.3311761999999998,0.13550736,-0.15344934,-0.16701056
2019-01-08,15,31,45,581.4,-4224.4,-4222.4,0.44,0.0057,24.4814,9.844957,0.60333884,1.3311761999999998,0.13550736,-0.15344934,-0.16701056
2019-01-08,15,31,45,624.8,-4267.8,-4265.8,0.4365,-0.0067,24.5389,9.844957,0.60333884,1.3311761999999998,0.13550736,-0.15344934,-0.16701056
2019-01-08,15,31,45,663.2,-4306.2,-4304.2,0.434,-0.0131,24.5766,9.844957,0.60333884,1.3311761999999998,0.13550736,-0.15344934,-0.16701056
2019-01-08,15,31,45,706.2,-4349.2,-4347.2,0.4298,-0.017,24.6354,9.844957,0.60333884,1.3311761999999998,0.13550736,-0.15344934,-0.16701056
2019-01-08,15,31,45,746.1,-4389.1,-4387.1,0.4269,-0.0097,24.6712,9.844957,0.60333884,1.3311761999999998,0.13550736,-0.15344934,-0.16701056
2019-01-08,15,31,45,785.5,-4428.5,-4426.5,0.4258,-0.0074,24.7091,9.844957,0.60333884,1.3311761999999998,0.13550736,-0.15344934,-0.16701056
2019-01-08,15,31,45,829.0,-4472.0,-4470.0,0.4241,0.003,24.7581,9.844957,0.60333884,1.3311761999999998,0.13550736,-0.15344934,-0.16701056
2019-01-08,15,31,45,868.4,-4511.4,-4509.4,0.4231,0.0133,24.7931,9.844957,0.60333884,1.3311761999999998,0.13550736,-0.15344934,-0.16701056
2019-01-08,15,31,45,910.4,-4553.4,-4551.4,0.4227,0.0234,24.8404,9.844957,0.60333884,1.3311761999999998,0.13550736,-0.15344934,-0.16701056
2019-01-08,15,31,45,951.3,-4594.3,-4592.3,0.4223,0.0283,24.8718,9.844957,0.60333884,1.3311761999999998,0.13550736,-0.15344934,-0.16701056
2019-01-08,15,31,45,991.7,-4634.7,-4632.7,0.422,0.0312,24.917,9.844957,0.60333884,1.3311761999999998,0.13550736,-0.15344934,-0.16701056
2019-01-08,15,31,46,29.2,-4672.2,-4670.2,0.4225,0.0272,24.9477,9.844957,0.60333884,1.3311761999999998,0.13550736,-0.15344934,-0.16701056
2019-01-08,15,31,46,69.1,-4712.1,-4710.1,0.4235,0.0209,24.9774,9.844957,0.60333884,1.3311761999999998,0.13550736,-0.15344934,-0.16701056
2019-01-08,15,31,46,109.5,-4752.5,-4750.5,0.4252,0.0121,25.0199,9.844957,0.60333884,1.3311761999999998,0.13550736,-0.15344934,-0.16701056
2019-01-08,15,31,46,149.0,-4792.0,-4790.0,0.4273,0.0026,25.0504,9.844957,0.60333884,1.3311761999999998,0.13550736,-0.15344934,-0.16701056
2019-01-08,15,31,46,189.9,-4832.9,-4830.9,0.43,-0.0087,25.0949,9.844957,0.60333884,1.3311761999999998,0.13550736,-0.15344934,-0.16701056
2019-01-08,15,31,46,228.3,-4871.3,-4869.3,0.433,-0.0144,25.124,9.844957,0.60333884,1.3311761999999998,0.13550736,-0.15344934,-0.16701056
2019-01-08,15,31,46,269.8,-4912.8,-4910.8,0.4364,-0.0167,25.1553,9.844957,0.60333884,1.3311761999999998,0.13550736,-0.15344934,-0.16701056
2019-01-08,15,31,46,307.2,-4950.2,-4948.2,0.4395,-0.0148,25.2019,9.844957,0.60333884,1.3311761999999998,0.13550736,-0.15344934,-0.16701056
2019-01-08,15,31,46,344.7,-4987.7,-4985.7,0.4412,-0.0075,25.2346,9.844957,0.60333884,1.3311761999999998,0.13550736,-0.15344934,-0.16701056
2019-01-08,15,31,46,384.1,-5027.1,-5025.1,0.4398,-0.0008,25.2642,9.844957,0.60333884,1.3311761999999998,0.13550736,-0.15344934,-0.16701056
2019-01-08,15,31,46,424.0,-5067.0,-5065.0,0.4391,0.0051,25.3058,9.844957,0.60333884,1.3311761999999998,0.13550736,-0.15344934,-0.16701056
2019-01-08,15,31,46,462.5,-5105.5,-5103.5,0.4356,0.0088,25.332,9.844957,0.60333884,1.3311761999999998,0.13550736,-0.15344934,-0.16701056
2019-01-08,15,31,46,503.9,-5146.9,-5144.9,0.4309,0.0182,25.3686,9.844957,0.60333884,1.3311761999999998,0.13550736,-0.15344934,-0.16701056
2019-01-08,15,31,46,543.4,-5186.4,-5184.4,0.4274,0.0232,25.3916,9.844957,0.60333884,1.3311761999999998,0.13550736,-0.15344934,-0.16701056
2019-01-08,15,31,46,583.3,-5226.3,-5224.3,0.4248,0.0264,25.4144,9.844957,0.60333884,1.3311761999999998,0.13550736,-0.15344934,-0.16701056
2019-01-08,15,31,46,626.2,-5269.2,-5267.2,0.4205,0.0269,25.4438,9.844957,0.60333884,1.3311761999999998,0.13550736,-0.15344934,-0.16701056
2019-01-08,15,31,46,666.7,-5309.7,-5307.7,0.4178,0.0261,25.4634,9.844957,0.60333884,1.3311761999999998,0.13550736,-0.15344934,-0.16701056
2019-01-08,15,31,46,710.1,-5353.1,-5351.1,0.4122,0.0244,25.4901,9.844957,0.60333884,1.3311761999999998,0.13550736,-0.15344934,-0.16701056
2019-01-08,15,31,46,749.5,-5392.5,-5390.5,0.4078,0.0197,25.5066,9.844957,0.60333884,1.3311761999999998,0.13550736,-0.15344934,-0.16701056
2019-01-08,15,31,46,790.0,-5433.0,-5431.0,0.3996,0.0177,25.529,9.844957,0.60333884,1.3311761999999998,0.13550736,-0.15344934,-0.16701056
2019-01-08,15,31,46,830.9,-5473.9,-5471.9,0.3927,0.021,25.5428,9.844957,0.60333884,1.3311761999999998,0.13550736,-0.15344934,-0.16701056
2019-01-08,15,31,46,868.3,-5511.3,-5509.3,0.3846,0.0247,25.5639,9.844957,0.60333884,1.3311761999999998,0.13550736,-0.15344934,-0.16701056
2019-01-08,15,31,46,908.8,-5551.8,-5549.8,0.3823,0.0293,25.5769,9.844957,0.60333884,1.3311761999999998,0.13550736,-0.15344934,-0.16701056
2019-01-08,15,31,46,954.7,-5597.7,-5595.7,0.3786,0.0316,25.5963,9.844957,0.60333884,1.3311761999999998,0.13550736,-0.15344934,-0.16701056
2019-01-08,15,31,46,995.1,-5638.1,-5636.1,0.3772,0.0319,25.6064,9.844957,0.60333884,1.3311761999999998,0.13550736,-0.15344934,-0.16701056
2019-01-08,15,31,47,34.1,-5677.1,-5675.1,0.3767,0.0355,25.6182,9.844957,0.60333884,1.3311761999999998,0.13550736,-0.15344934,-0.16701056
2019-01-08,15,31,47,70.5,-5713.5,-5711.5,0.3758,0.038,25.6334,9.844957,0.60333884,1.3311761999999998,0.13550736,-0.15344934,-0.16701056
2019-01-08,15,31,47,114.0,-5757.0,-5755.0,0.3757,0.0385,25.6435,9.844957,0.60333884,1.3311761999999998,0.13550736,-0.15344934,-0.16701056
2019-01-08,15,31,47,150.4,-5793.4,-5791.4,0.376,0.0381,25.6519,9.844957,0.60333884,1.3311761999999998,0.13550736,-0.15344934,-0.16701056
2019-01-08,15,31,47,189.8,-5832.8,-5830.8,0.3775,0.0367,25.6619,9.844957,0.60333884,1.3311761999999998,0.13550736,-0.15344934,-0.16701056
2019-01-08,15,31,47,231.8,-5874.8,-5872.8,0.3792,0.0387,25.67,9.844957,0.60333884,1.3311761999999998,0.13550736,-0.15344934,-0.16701056
2019-01-08,15,31,47,268.2,-5911.2,-5909.2,0.382,0.0393,25.6787,9.844957,0.60333884,1.3311761999999998,0.13550736,-0.15344934,-0.16701056
2019-01-08,15,31,47,308.2,-5951.2,-5949.2,0.3841,0.0374,25.6825,9.844957,0.60333884,1.3311761999999998,0.13550736,-0.15344934,-0.16701056
2019-01-08,15,31,47,347.1,-5990.1,-5988.1,0.3863,0.0368,25.6873,9.844957,0.60333884,1.3311761999999998,0.13550736,-0.15344934,-0.16701056
2019-01-08,15,31,47,383.0,-6026.0,-6024.0,0.3887,0.0349,25.6908,9.844957,0.60333884,1.3311761999999998,0.13550736,-0.15344934,-0.16701056
2019-01-08,15,31,47,423.5,-6066.5,-6064.5,0.3924,0.0341,25.6951,9.844957,0.60333884,1.3311761999999998,0.13550736,-0.15344934,-0.16701056
2019-01-08,15,31,47,460.4,-6103.4,-6101.4,0.3945,0.0357,25.6987,9.844957,0.60333884,1.3311761999999998,0.13550736,-0.15344934,-0.16701056
2019-01-08,15,31,47,501.3,-6144.3,-6142.3,0.3966,0.0367,25.7017,9.844957,0.60333884,1.3311761999999998,0.13550736,-0.15344934,-0.16701056
2019-01-08,15,31,47,538.8,-6181.8,-6179.8,0.4002,0.0367,25.7055,9.844957,0.60333884,1.3311761999999998,0.13550736,-0.15344934,-0.16701056
2019-01-08,15,31,47,578.7,-6221.7,-6219.7,0.4027,0.0362,25.708,9.844957,0.60333884,1.3311761999999998,0.13550736,-0.15344934,-0.16701056
2019-01-08,15,31,47,621.7,-6264.7,-6262.7,0.4063,0.0361,25.7114,9.844957,0.60333884,1.3311761999999998,0.13550736,-0.15344934,-0.16701056
2019-01-08,15,31,47,662.6,-6305.6,-6303.6,0.4082,0.0353,25.7131,9.844957,0.60333884,1.3311761999999998,0.13550736,-0.15344934,-0.16701056
2019-01-08,15,31,47,699.5,-6342.5,-6340.5,0.4104,0.0349,25.7147,9.844957,0.60333884,1.3311761999999998,0.13550736,-0.15344934,-0.16701056
2019-01-08,15,31,47,739.0,-6382.0,-6380.0,0.4136,0.0349,25.7168,9.844957,0.60333884,1.3311761999999998,0.13550736,-0.15344934,-0.16701056
2019-01-08,15,31,47,779.4,-6422.4,-6420.4,0.4154,0.0348,25.7179,9.844957,0.60333884,1.3311761999999998,0.13550736,-0.15344934,-0.16701056
2019-01-08,15,31,47,822.8,-6465.8,-6463.8,0.4179,0.0347,25.7188,9.844957,0.60333884,1.3311761999999998,0.13550736,-0.15344934,-0.16701056
2019-01-08,15,31,47,859.8,-6502.8,-6500.8,0.4194,0.0349,25.7195,9.844957,0.60333884,1.3311761999999998,0.13550736,-0.15344934,-0.16701056
2019-01-08,15,31,47,898.7,-6541.7,-6539.7,0.4204,0.035,25.7197,9.844957,0.60333884,1.3311761999999998,0.13550736,-0.15344934,-0.16701056
2019-01-08,15,31,47,938.7,-6581.7,-6579.7,0.4222,0.0349,25.7204,9.844957,0.60333884,1.3311761999999998,0.13550736,-0.15344934,-0.16701056
2019-01-08,15,31,47,981.1,-6624.1,-6622.1,0.4235,0.0348,25.7205,9.844957,0.60333884,1.3311761999999998,0.13550736,-0.15344934,-0.16701056
2019-01-08,15,31,48,20.5,-6663.5,-6661.5,0.4256,0.0344,25.7204,9.844957,0.60333884,1.3311761999999998,0.13550736,-0.15344934,-0.16701056
2019-01-08,15,31,48,58.5,-6701.5,-6699.5,0.4271,0.0346,25.7199,9.844957,0.60333884,1.3311761999999998,0.13550736,-0.15344934,-0.16701056
2019-01-08,15,31,48,97.4,-6740.4,-6738.4,0.4285,0.0347,25.7198,9.844957,0.60333884,1.3311761999999998,0.13550736,-0.15344934,-0.16701056
2019-01-08,15,31,48,140.8,-6783.8,-6781.8,0.43,0.0344,25.7191,9.844957,0.60333884,1.3311761999999998,0.13550736,-0.15344934,-0.16701056
2019-01-08,15,31,48,179.3,-6822.3,-6820.3,0.431,0.0346,25.7187,9.844957,0.60333884,1.3311761999999998,0.13550736,-0.15344934,-0.16701056
2019-01-08,15,31,48,219.7,-6862.7,-6860.7,0.4327,0.0349,25.7176,9.844957,0.60333884,1.3311761999999998,0.13550736,-0.15344934,-0.16701056
2019-01-08,15,31,48,255.2,-6898.2,-6896.2,0.434,0.0344,25.7167,9.844957,0.60333884,1.3311761999999998,0.13550736,-0.15344934,-0.16701056
2019-01-08,15,31,48,292.6,-6935.6,-6933.6,0.4356,0.0334,25.7156,9.844957,0.60333884,1.3311761999999998,0.13550736,-0.15344934,-0.16701056
2019-01-08,15,31,48,333.5,-6976.5,-6974.5,0.4371,0.0331,25.7146,9.844957,0.60333884,1.3311761999999998,0.13550736,-0.15344934,-0.16701056
2019-01-08,15,31,48,373.0,-7016.0,-7014.0,0.439,0.0328,25.7134,9.844957,0.60333884,1.3311761999999998,0.13550736,-0.15344934,-0.16701056
2019-01-08,15,31,48,409.9,-7052.9,-7050.9,0.4399,0.0327,25.7122,9.844957,0.60333884,1.3311761999999998,0.13550736,-0.15344934,-0.16701056
2019-01-08,15,31,48,446.9,-7089.9,-7087.9,0.4406,0.0329,25.7111,9.844957,0.60333884,1.3311761999999998,0.13550736,-0.15344934,-0.16701056
2019-01-08,15,31,48,487.3,-7130.3,-7128.3,0.4416,0.0323,25.709,9.844957,0.60333884,1.3311761999999998,0.13550736,-0.15344934,-0.16701056
2019-01-08,15,31,48,529.7,-7172.7,-7170.7,0.4425,0.0323,25.7079,9.844957,0.60333884,1.3311761999999998,0.13550736,-0.15344934,-0.16701056
2019-01-08,15,31,48,571.7,-7214.7,-7212.7,0.4433,0.0325,25.707,9.844957,0.60333884,1.3311761999999998,0.13550736,-0.15344934,-0.16701056
2019-01-08,15,31,48,611.6,-7254.6,-7252.6,0.4439,0.0329,25.7063,9.844957,0.60333884,1.3311761999999998,0.13550736,-0.15344934,-0.16701056
2019-01-08,15,31,48,651.5,-7294.5,-7292.5,0.4442,0.033,25.7056,9.844957,0.60333884,1.3311761999999998,0.13550736,-0.15344934,-0.16701056
2019-01-08,15,31,48,693.0,-7336.0,-7334.0,0.4447,0.0327,25.7038,9.844957,0.60333884,1.3311761999999998,0.13550736,-0.15344934,-0.16701056
2019-01-08,15,31,48,733.9,-7376.9,-7374.9,0.4451,0.0326,25.703,9.844957,0.60333884,1.3311761999999998,0.13550736,-0.15344934,-0.16701056
2019-01-08,15,31,48,779.3,-7422.3,-7420.3,0.4456,0.03,25.702,9.844957,0.60333884,1.3311761999999998,0.13550736,-0.15344934,-0.16701056
2019-01-08,15,31,48,817.3,-7460.3,-7458.3,0.4467,0.03,25.7001,9.844957,0.60333884,1.3311761999999998,0.13550736,-0.15344934,-0.16701056
2019-01-08,15,31,48,860.7,-7503.7,-7501.7,0.4475,0.0299,25.6995,9.844957,0.60333884,1.3311761999999998,0.13550736,-0.15344934,-0.16701056
2019-01-08,15,31,48,905.1,-7548.1,-7546.1,0.4484,0.0302,25.6997,9.844957,0.60333884,1.3311761999999998,0.13550736,-0.15344934,-0.16701056
2019-01-08,15,31,48,946.6,-7589.6,-7587.6,0.4493,0.03,25.6996,9.844957,0.60333884,1.3311761999999998,0.13550736,-0.15344934,-0.16701056
